date,temperature,rainfall,wind_speed,pressure,humidity
2015-01-01,22.6,0.0,13.3,1009.5,64.83333333333333
2015-01-02,22.4,0.0,10.9,1012.0,72.58333333333333
2015-01-03,23.0,0.0,13.4,1013.7,74.125
2015-01-04,24.8,0.0,14.5,1013.6,65.08333333333333
2015-01-05,25.0,0.0,16.5,1013.2,61.333333333333336
2015-01-06,24.5,0.0,15.5,1013.5,66.41666666666667
2015-01-07,23.0,0.0,15.5,1013.6,63.958333333333336
2015-01-08,23.9,0.0,14.3,1013.5,56.708333333333336
2015-01-09,24.7,0.0,13.7,1014.4,50.958333333333336
2015-01-10,24.1,0.0,15.0,1015.1,51.666666666666664
2015-01-11,23.8,0.0,14.7,1014.8,53.125
2015-01-12,23.7,0.0,14.3,1014.3,53.916666666666664
2015-01-13,22.6,0.0,14.2,1013.5,61.5
2015-01-14,23.0,0.0,14.1,1012.6,62.125
2015-01-15,23.4,0.0,14.0,1012.9,60.166666666666664
2015-01-16,23.8,0.0,13.1,1013.5,60.416666666666664
2015-01-17,24.1,0.0,13.6,1014.0,59.541666666666664
2015-01-18,24.3,0.0,16.2,1013.7,58.208333333333336
2015-01-19,23.2,0.0,15.0,1013.1,68.41666666666667
2015-01-20,22.7,0.0,9.2,1014.8,74.5
2015-01-21,22.9,0.0,17.1,1016.3,74.08333333333333
2015-01-22,22.8,0.0,18.1,1016.7,79.08333333333333
2015-01-23,23.7,0.0,19.6,1014.7,65.33333333333333
2015-01-24,24.5,0.0,18.2,1013.9,61.333333333333336
2015-01-25,24.1,0.0,19.4,1014.9,72.04166666666667
2015-01-26,23.7,0.0,19.9,1015.1,63.833333333333336
2015-01-27,23.1,0.0,22.3,1013.7,59.083333333333336
2015-01-28,23.9,0.0,19.3,1011.6,65.75
2015-01-29,24.1,0.0,16.0,1012.8,63.375
2015-01-30,25.7,0.0,13.2,1014.2,58.541666666666664
2015-01-31,25.7,0.0,13.5,1014.0,57.416666666666664
2015-02-01,24.4,0.0,14.8,1013.8,63.708333333333336
2015-02-02,23.4,0.0,16.6,1014.1,66.91666666666667
2015-02-03,24.8,0.0,15.2,1016.1,62.041666666666664
2015-02-04,26.2,0.0,16.6,1015.8,57.541666666666664
2015-02-05,25.2,0.0,14.8,1014.0,64.16666666666667
2015-02-06,24.8,0.0,15.3,1013.5,69.20833333333333
2015-02-07,23.6,0.0,16.8,1013.1,76.45833333333333
2015-02-08,23.4,0.0,15.6,1013.7,70.0
2015-02-09,24.9,0.0,16.8,1013.0,51.583333333333336
2015-02-10,24.7,0.0,15.6,1013.0,68.625
2015-02-11,24.8,0.0,16.5,1013.2,70.66666666666667
2015-02-12,24.5,0.0,17.5,1012.9,64.0
2015-02-13,24.5,0.0,15.6,1012.6,64.0
2015-02-14,24.5,0.0,13.1,1011.8,67.20833333333333
2015-02-15,24.3,0.0,14.0,1012.0,65.58333333333333
2015-02-16,24.5,0.0,19.9,1012.6,68.58333333333333
2015-02-17,25.0,0.0,16.2,1012.5,67.29166666666667
2015-02-18,24.0,0.0,15.6,1011.6,75.04166666666667
2015-02-19,24.3,0.0,18.7,1011.3,75.83333333333333
2015-02-20,24.7,0.0,18.3,1011.9,73.08333333333333
2015-02-21,27.3,0.0,14.1,1011.2,54.125
2015-02-22,26.9,0.0,15.8,1011.9,60.083333333333336
2015-02-23,26.8,0.0,15.5,1012.4,66.83333333333333
2015-02-24,26.2,0.0,17.7,1011.1,72.125
2015-02-25,25.3,0.0,20.7,1010.6,72.33333333333333
2015-02-26,24.4,0.0,18.7,1010.5,65.91666666666667
2015-02-27,23.6,0.0,15.3,1010.6,65.58333333333333
2015-02-28,22.8,6.7,23.8,1010.3,75.58333333333333
2015-03-01,22.2,11.0,26.6,1009.2,80.95833333333333
2015-03-02,23.4,0.2,15.2,1012.8,66.16666666666667
2015-03-03,21.9,0.0,13.9,1014.2,67.91666666666667
2015-03-04,22.5,0.0,20.0,1013.2,67.75
2015-03-05,23.6,0.0,15.7,1012.8,64.875
2015-03-06,25.6,0.0,15.9,1013.4,59.333333333333336
2015-03-07,25.7,0.0,15.3,1012.8,58.666666666666664
2015-03-08,25.2,0.0,19.6,1013.1,69.04166666666667
2015-03-09,26.7,0.0,17.4,1013.7,58.958333333333336
2015-03-10,26.7,0.0,15.5,1013.5,62.083333333333336
2015-03-11,27.2,0.0,11.9,1013.1,68.625
2015-03-12,28.5,0.0,17.9,1012.9,60.166666666666664
2015-03-13,28.7,0.3,14.2,1011.6,56.916666666666664
2015-03-14,26.8,0.0,19.0,1012.1,76.41666666666667
2015-03-15,25.8,0.0,17.5,1013.5,76.75
2015-03-16,25.5,0.0,16.9,1014.9,68.04166666666667
2015-03-17,26.2,0.0,20.1,1013.8,53.125
2015-03-18,27.8,0.0,18.7,1010.6,48.625
2015-03-19,27.6,0.0,19.0,1010.4,57.291666666666664
2015-03-20,28.0,0.0,16.6,1011.2,62.375
2015-03-21,28.4,0.0,14.0,1012.2,68.20833333333333
2015-03-22,28.1,0.0,16.6,1011.9,75.33333333333333
2015-03-23,28.4,0.0,15.3,1010.6,74.5
2015-03-24,29.2,0.0,18.5,1009.5,65.95833333333333
2015-03-25,30.0,0.0,15.6,1008.8,62.166666666666664
2015-03-26,28.5,0.0,19.7,1011.3,80.375
2015-03-27,28.2,0.0,16.4,1012.2,81.5
2015-03-28,28.1,0.0,17.4,1010.9,78.83333333333333
2015-03-29,28.6,0.0,22.0,1009.5,73.83333333333333
2015-03-30,29.3,0.0,17.4,1009.1,68.33333333333333
2015-03-31,28.6,0.0,18.8,1010.4,53.875
2015-04-01,26.9,0.0,17.7,1010.1,65.04166666666667
2015-04-02,26.8,0.0,19.3,1009.6,70.16666666666667
2015-04-03,27.1,0.0,17.1,1009.2,72.375
2015-04-04,27.1,0.0,17.7,1007.9,73.58333333333333
2015-04-05,26.8,0.0,17.1,1007.9,77.04166666666667
2015-04-06,26.3,0.0,17.2,1007.6,72.83333333333333
2015-04-07,26.4,0.0,17.4,1008.5,73.75
2015-04-08,26.8,0.0,17.8,1009.6,73.41666666666667
2015-04-09,27.7,0.0,16.6,1009.7,74.08333333333333
2015-04-10,27.6,0.0,18.1,1010.4,76.58333333333333
2015-04-11,27.4,0.0,18.4,1010.9,75.95833333333333
2015-04-12,27.0,0.0,20.5,1012.1,75.0
2015-04-13,27.0,0.0,18.1,1011.8,73.25
2015-04-14,27.3,1.1,17.9,1010.4,71.91666666666667
2015-04-15,27.5,0.0,17.3,1010.3,74.20833333333333
2015-04-16,29.1,0.0,17.1,1011.5,71.41666666666667
2015-04-17,29.4,0.0,21.7,1010.7,75.70833333333333
2015-04-18,28.9,0.0,17.3,1008.0,78.125
2015-04-19,29.7,0.0,19.2,1007.3,70.625
2015-04-20,29.4,0.0,16.2,1008.7,76.41666666666667
2015-04-21,29.4,0.0,21.7,1009.1,79.04166666666667
2015-04-22,29.2,0.0,19.6,1008.8,80.54166666666667
2015-04-23,29.1,0.0,17.7,1009.5,76.0
2015-04-24,28.8,0.0,19.2,1009.9,73.70833333333333
2015-04-25,28.3,0.0,16.9,1008.9,71.625
2015-04-26,28.1,0.0,17.4,1009.3,72.375
2015-04-27,28.7,0.0,18.4,1009.9,74.125
2015-04-28,28.9,0.0,17.4,1010.1,75.41666666666667
2015-04-29,28.9,0.0,18.3,1009.1,76.16666666666667
2015-04-30,28.7,0.0,17.1,1010.2,75.58333333333333
2015-05-01,28.9,0.0,15.2,1009.5,75.25
2015-05-02,28.5,0.0,18.6,1008.7,77.70833333333333
2015-05-03,28.8,0.0,17.9,1008.7,78.125
2015-05-04,28.9,0.0,20.1,1008.3,75.20833333333333
2015-05-05,29.7,0.0,16.2,1007.9,74.16666666666667
2015-05-06,30.3,0.0,18.5,1007.4,69.58333333333333
2015-05-07,30.0,0.0,18.3,1008.0,72.75
2015-05-08,30.0,0.0,19.2,1007.8,73.5
2015-05-09,30.6,0.0,21.7,1006.2,70.16666666666667
2015-05-10,30.3,0.0,22.0,1006.8,70.58333333333333
2015-05-11,29.7,0.0,20.4,1007.3,75.04166666666667
2015-05-12,29.7,0.0,20.6,1008.1,75.20833333333333
2015-05-13,29.4,0.0,19.1,1007.7,74.41666666666667
2015-05-14,29.9,0.3,20.0,1008.1,73.41666666666667
2015-05-15,30.7,0.0,23.1,1007.8,71.375
2015-05-16,30.4,0.0,20.1,1005.8,76.0
2015-05-17,30.2,0.0,19.5,1004.8,77.20833333333333
2015-05-18,30.0,0.0,19.8,1005.9,75.29166666666667
2015-05-19,29.7,0.0,18.2,1007.2,75.33333333333333
2015-05-20,29.8,0.0,19.5,1008.1,71.25
2015-05-21,30.0,0.0,18.4,1008.4,71.58333333333333
2015-05-22,30.3,0.0,19.1,1008.1,70.79166666666667
2015-05-23,30.7,0.0,21.0,1008.2,69.625
2015-05-24,30.6,0.0,19.9,1008.6,69.66666666666667
2015-05-25,30.3,0.1,18.6,1008.8,70.25
2015-05-26,30.3,0.0,18.4,1009.0,68.45833333333333
2015-05-27,30.4,0.0,19.8,1008.5,67.16666666666667
2015-05-28,30.6,0.0,19.5,1007.1,68.29166666666667
2015-05-29,30.4,0.0,22.0,1006.9,70.91666666666667
2015-05-30,30.6,0.0,17.9,1007.6,71.625
2015-05-31,30.2,0.0,19.1,1005.9,75.08333333333333
2015-06-01,29.9,0.0,22.1,1005.5,71.54166666666667
2015-06-02,30.2,0.0,19.2,1007.0,64.08333333333333
2015-06-03,30.4,0.0,18.8,1006.3,65.70833333333333
2015-06-04,30.1,0.0,22.7,1006.0,69.16666666666667
2015-06-05,30.1,2.6,19.9,1007.0,73.16666666666667
2015-06-06,30.1,0.2,13.7,1005.7,73.70833333333333
2015-06-07,30.2,3.0,19.1,1004.7,74.125
2015-06-08,29.5,3.7,25.9,1004.7,76.54166666666667
2015-06-09,29.0,4.6,23.2,1006.5,77.75
2015-06-10,28.1,9.8,22.7,1006.0,83.58333333333333
2015-06-11,28.1,9.2,19.9,1005.9,85.0
2015-06-12,27.7,13.6,17.8,1006.1,86.58333333333333
2015-06-13,26.7,35.2,13.5,1005.2,92.45833333333333
2015-06-14,26.1,110.4,15.5,1004.9,92.75
2015-06-15,26.1,37.2,15.1,1005.2,92.66666666666667
2015-06-16,26.1,39.4,21.6,1004.6,91.79166666666667
2015-06-17,27.0,15.5,21.4,1002.5,87.20833333333333
2015-06-18,27.2,24.8,25.9,1002.0,88.75
2015-06-19,26.3,56.7,28.8,1001.0,92.58333333333333
2015-06-20,26.7,50.4,29.1,999.6,90.75
2015-06-21,26.8,56.6,36.0,998.5,91.41666666666667
2015-06-22,26.8,37.1,34.1,999.3,90.20833333333333
2015-06-23,26.9,65.2,40.0,998.4,90.125
2015-06-24,27.7,47.5,40.2,1001.7,87.58333333333333
2015-06-25,28.0,6.9,31.1,1003.2,85.75
2015-06-26,27.9,5.3,28.3,1003.5,85.04166666666667
2015-06-27,27.8,5.7,25.6,1004.7,85.25
2015-06-28,27.9,5.2,21.9,1006.8,84.66666666666667
2015-06-29,27.7,5.0,19.1,1008.1,85.66666666666667
2015-06-30,27.1,4.0,16.3,1008.1,86.66666666666667
2015-07-01,27.5,3.2,15.9,1008.8,85.41666666666667
2015-07-02,27.7,3.0,16.9,1009.8,85.58333333333333
2015-07-03,27.6,2.8,19.3,1010.0,86.125
2015-07-04,27.8,4.2,24.3,1009.7,83.5
2015-07-05,28.0,3.8,26.1,1008.1,82.20833333333333
2015-07-06,28.0,6.2,31.2,1006.5,81.125
2015-07-07,27.8,7.1,29.8,1005.2,83.08333333333333
2015-07-08,27.8,5.6,25.3,1006.3,85.75
2015-07-09,27.5,2.7,22.8,1007.1,87.20833333333333
2015-07-10,27.2,4.8,23.6,1004.6,86.54166666666667
2015-07-11,27.4,5.0,25.8,1004.2,84.54166666666667
2015-07-12,27.2,4.3,23.7,1005.9,85.875
2015-07-13,27.3,3.0,16.2,1006.6,85.625
2015-07-14,27.6,2.0,15.3,1005.9,85.45833333333333
2015-07-15,27.5,4.8,17.4,1004.1,83.25
2015-07-16,27.5,5.0,22.5,1002.0,85.54166666666667
2015-07-17,27.6,5.0,23.1,1002.0,85.375
2015-07-18,27.7,8.8,22.4,1003.9,85.875
2015-07-19,27.3,11.2,23.1,1004.6,86.0
2015-07-20,26.6,12.1,21.9,1003.5,89.91666666666667
2015-07-21,26.4,22.6,19.1,1003.5,90.20833333333333
2015-07-22,26.4,19.6,18.9,1003.8,91.16666666666667
2015-07-23,26.5,18.5,21.1,1004.0,91.25
2015-07-24,26.6,15.9,23.1,1005.7,90.91666666666667
2015-07-25,26.9,6.0,22.9,1006.1,88.16666666666667
2015-07-26,26.5,9.8,26.3,1006.0,88.20833333333333
2015-07-27,26.3,16.5,29.2,1006.8,88.75
2015-07-28,26.7,16.0,32.8,1007.4,84.58333333333333
2015-07-29,26.0,18.9,26.9,1008.1,88.91666666666667
2015-07-30,26.7,6.9,23.2,1008.5,84.83333333333333
2015-07-31,26.4,8.9,21.4,1008.4,88.29166666666667
2015-08-01,26.8,6.0,19.7,1009.5,87.20833333333333
2015-08-02,27.1,3.3,19.6,1010.0,84.08333333333333
2015-08-03,27.0,3.4,21.0,1008.6,83.58333333333333
2015-08-04,26.8,4.8,24.1,1007.3,83.66666666666667
2015-08-05,26.0,11.6,21.4,1006.3,90.16666666666667
2015-08-06,26.2,7.8,18.1,1005.3,89.75
2015-08-07,26.9,6.6,20.3,1005.4,87.375
2015-08-08,26.8,6.0,15.9,1005.9,87.25
2015-08-09,26.4,5.6,14.7,1004.2,88.70833333333333
2015-08-10,26.4,4.6,17.4,1003.9,88.125
2015-08-11,26.7,1.7,15.9,1005.7,86.54166666666667
2015-08-12,26.2,6.0,14.4,1006.7,88.875
2015-08-13,26.2,6.0,15.5,1006.3,88.95833333333333
2015-08-14,25.9,7.9,18.9,1006.3,91.04166666666667
2015-08-15,26.3,6.4,18.6,1007.5,90.20833333333333
2015-08-16,26.3,4.4,16.7,1008.9,90.20833333333333
2015-08-17,26.4,5.9,16.1,1007.8,88.91666666666667
2015-08-18,27.1,1.8,14.6,1008.3,86.20833333333333
2015-08-19,27.3,0.8,14.2,1009.4,85.58333333333333
2015-08-20,27.3,2.8,17.5,1009.6,85.41666666666667
2015-08-21,27.5,2.7,18.5,1009.3,83.08333333333333
2015-08-22,27.1,5.4,21.1,1008.3,86.08333333333333
2015-08-23,27.0,6.3,17.9,1008.4,86.70833333333333
2015-08-24,27.2,3.4,18.8,1009.5,83.125
2015-08-25,26.1,7.2,12.6,1009.0,88.79166666666667
2015-08-26,27.1,4.4,15.2,1007.4,84.58333333333333
2015-08-27,26.8,4.4,14.1,1006.7,85.5
2015-08-28,26.6,3.0,13.5,1007.4,87.625
2015-08-29,26.3,4.6,15.0,1007.3,89.79166666666667
2015-08-30,26.2,6.8,15.1,1007.7,89.66666666666667
2015-08-31,26.2,3.7,14.8,1008.8,89.95833333333333
2015-09-01,26.4,2.6,16.7,1008.1,87.625
2015-09-02,26.2,2.3,13.6,1007.5,86.95833333333333
2015-09-03,26.3,0.6,12.9,1008.4,85.625
2015-09-04,27.2,0.0,12.6,1010.9,80.79166666666667
2015-09-05,27.2,0.0,16.1,1011.6,80.75
2015-09-06,27.3,0.0,15.3,1011.0,82.25
2015-09-07,26.9,0.6,12.0,1010.4,83.79166666666667
2015-09-08,27.0,1.2,12.3,1009.8,81.79166666666667
2015-09-09,27.0,9.0,12.0,1009.7,85.0
2015-09-10,27.0,7.8,13.6,1009.7,86.625
2015-09-11,27.4,6.4,13.4,1008.9,86.375
2015-09-12,26.6,18.2,13.5,1009.0,88.125
2015-09-13,26.6,14.8,14.3,1009.7,88.58333333333333
2015-09-14,26.5,18.6,13.6,1008.7,90.0
2015-09-15,26.6,20.8,15.5,1007.1,89.16666666666667
2015-09-16,26.9,9.8,14.3,1006.2,88.125
2015-09-17,27.6,5.1,15.8,1005.1,84.95833333333333
2015-09-18,27.4,14.5,23.8,1004.1,85.375
2015-09-19,27.5,13.5,25.0,1004.2,82.95833333333333
2015-09-20,26.4,7.2,21.4,1004.8,87.75
2015-09-21,26.1,4.4,27.2,1005.5,88.95833333333333
2015-09-22,26.6,2.7,19.1,1007.4,88.04166666666667
2015-09-23,26.7,0.3,14.9,1010.1,87.375
2015-09-24,26.7,0.0,12.1,1009.8,86.0
2015-09-25,26.9,0.5,14.5,1009.0,81.45833333333333
2015-09-26,26.6,0.0,11.0,1009.4,77.41666666666667
2015-09-27,26.3,0.0,14.3,1009.6,81.0
2015-09-28,27.5,0.0,14.8,1008.3,80.95833333333333
2015-09-29,29.1,0.0,14.0,1007.4,78.16666666666667
2015-09-30,30.0,0.0,13.8,1008.4,70.875
2015-10-01,29.5,0.0,13.0,1009.4,74.08333333333333
2015-10-02,28.1,4.4,14.8,1011.4,84.29166666666667
2015-10-03,27.1,10.4,11.0,1012.1,87.375
2015-10-04,27.0,21.0,7.9,1011.8,88.79166666666667
2015-10-05,27.6,11.2,12.5,1010.0,86.45833333333333
2015-10-06,28.9,0.0,14.6,1008.2,84.20833333333333
2015-10-07,28.5,0.0,11.8,1008.1,81.5
2015-10-08,28.6,0.0,12.3,1008.2,86.33333333333333
2015-10-09,28.7,0.6,12.8,1008.3,84.95833333333333
2015-10-10,28.5,0.1,14.0,1009.2,81.70833333333333
2015-10-11,28.0,6.9,13.2,1010.7,82.375
2015-10-12,27.8,0.0,11.5,1011.9,80.79166666666667
2015-10-13,28.2,0.3,8.2,1011.6,84.04166666666667
2015-10-14,29.2,0.0,13.7,1011.6,84.66666666666667
2015-10-15,29.8,0.0,11.7,1011.1,76.33333333333333
2015-10-16,29.1,0.0,12.5,1010.9,71.58333333333333
2015-10-17,29.4,0.0,10.5,1011.1,73.95833333333333
2015-10-18,29.3,0.2,11.6,1012.2,80.25
2015-10-19,29.7,0.0,11.8,1012.0,78.41666666666667
2015-10-20,29.6,0.0,12.9,1010.5,75.58333333333333
2015-10-21,29.5,0.0,11.9,1009.8,74.91666666666667
2015-10-22,30.2,0.0,10.2,1010.3,68.54166666666667
2015-10-23,29.9,0.2,11.0,1010.3,69.125
2015-10-24,29.8,0.0,8.5,1009.7,73.70833333333333
2015-10-25,29.9,0.0,7.4,1010.6,74.70833333333333
2015-10-26,30.0,0.0,16.2,1011.9,67.41666666666667
2015-10-27,28.9,0.0,9.0,1011.7,71.08333333333333
2015-10-28,28.9,0.0,11.5,1010.9,72.83333333333333
2015-10-29,28.6,0.0,13.8,1010.6,65.875
2015-10-30,28.2,0.0,14.3,1010.3,61.166666666666664
2015-10-31,28.1,0.0,15.2,1009.8,67.91666666666667
2015-11-01,28.7,0.0,13.9,1010.2,66.25
2015-11-02,28.9,0.0,14.9,1011.1,64.04166666666667
2015-11-03,28.3,0.0,14.3,1011.7,69.54166666666667
2015-11-04,28.0,0.0,13.0,1011.2,75.16666666666667
2015-11-05,28.1,0.0,14.1,1011.2,79.625
2015-11-06,28.8,0.0,13.5,1010.5,71.66666666666667
2015-11-07,29.5,0.0,15.0,1010.9,53.625
2015-11-08,29.0,0.0,16.6,1011.7,59.416666666666664
2015-11-09,28.6,0.0,13.7,1011.1,63.083333333333336
2015-11-10,28.4,0.0,15.1,1010.2,61.791666666666664
2015-11-11,28.5,0.0,15.0,1010.6,59.708333333333336
2015-11-12,28.8,0.0,14.1,1011.9,57.75
2015-11-13,28.1,0.0,15.3,1012.7,63.333333333333336
2015-11-14,28.3,0.0,17.9,1010.7,60.291666666666664
2015-11-15,28.2,0.0,16.2,1009.7,60.083333333333336
2015-11-16,28.5,0.0,16.7,1009.3,56.708333333333336
2015-11-17,28.2,0.0,16.7,1009.1,59.458333333333336
2015-11-18,28.2,0.0,15.0,1010.7,55.125
2015-11-19,27.4,0.0,14.9,1011.8,52.666666666666664
2015-11-20,27.9,0.0,15.9,1010.1,52.583333333333336
2015-11-21,28.1,4.3,11.4,1010.3,68.0
2015-11-22,27.0,5.0,11.2,1010.8,82.33333333333333
2015-11-23,27.5,3.3,9.8,1011.3,79.79166666666667
2015-11-24,28.0,0.4,7.4,1011.7,76.75
2015-11-25,27.8,1.0,7.6,1011.7,78.83333333333333
2015-11-26,28.6,0.0,12.1,1011.5,75.125
2015-11-27,28.0,0.0,15.5,1010.0,67.375
2015-11-28,26.7,0.0,12.8,1011.6,53.375
2015-11-29,27.2,0.0,11.8,1012.7,62.416666666666664
2015-11-30,27.3,0.0,11.2,1013.2,70.33333333333333
2015-12-01,27.7,0.0,10.7,1011.9,71.625
2015-12-02,28.1,0.0,13.8,1011.7,66.25
2015-12-03,27.8,0.0,14.1,1012.7,62.958333333333336
2015-12-04,27.8,0.0,13.7,1012.0,60.958333333333336
2015-12-05,27.5,0.0,14.8,1012.2,60.458333333333336
2015-12-06,27.6,0.0,13.7,1012.0,59.333333333333336
2015-12-07,27.2,0.0,13.5,1012.7,56.916666666666664
2015-12-08,27.0,0.0,10.8,1012.7,57.833333333333336
2015-12-09,26.0,0.0,11.4,1012.7,65.16666666666667
2015-12-10,25.8,0.0,14.2,1012.1,70.25
2015-12-11,25.3,0.0,10.1,1011.5,74.0
2015-12-12,25.6,0.0,12.2,1010.8,57.5
2015-12-13,25.7,0.0,13.5,1011.2,50.875
2015-12-14,26.1,0.0,13.3,1011.6,56.416666666666664
2015-12-15,26.4,0.0,14.0,1011.0,63.75
2015-12-16,25.6,0.0,14.4,1011.6,66.33333333333333
2015-12-17,25.4,0.0,18.8,1011.7,47.583333333333336
2015-12-18,25.3,0.0,15.0,1012.2,48.416666666666664
2015-12-19,24.9,0.0,13.4,1013.7,68.45833333333333
2015-12-20,24.9,0.0,12.5,1014.2,71.91666666666667
2015-12-21,25.2,0.0,15.0,1014.1,52.583333333333336
2015-12-22,23.1,0.0,15.0,1016.1,54.75
2015-12-23,23.2,0.0,16.4,1016.1,52.583333333333336
2015-12-24,23.9,0.0,15.5,1015.2,46.541666666666664
2015-12-25,24.3,0.0,16.0,1015.4,42.958333333333336
2015-12-26,23.2,0.0,14.4,1016.2,48.208333333333336
2015-12-27,23.4,0.0,13.8,1016.6,53.416666666666664
2015-12-28,24.5,0.0,14.1,1017.2,54.083333333333336
2015-12-29,25.5,0.0,12.6,1015.7,52.833333333333336
2015-12-30,25.6,0.0,12.0,1014.0,55.208333333333336
2015-12-31,25.9,0.0,13.2,1014.6,56.125
2016-01-01,25.9,0.0,12.3,1016.2,57.125
2016-01-02,24.9,0.0,11.2,1017.2,59.541666666666664
2016-01-03,23.7,0.0,12.6,1015.8,64.70833333333333
2016-01-04,24.7,0.0,12.0,1015.3,61.583333333333336
2016-01-05,24.9,0.0,12.3,1014.6,61.75
2016-01-06,24.9,0.0,11.6,1014.3,65.45833333333333
2016-01-07,24.7,0.0,14.7,1015.2,71.45833333333333
2016-01-08,25.0,0.0,13.0,1015.5,66.41666666666667
2016-01-09,25.5,0.0,15.8,1013.8,52.416666666666664
2016-01-10,24.8,0.0,15.6,1014.2,57.375
2016-01-11,24.7,0.0,13.9,1014.4,62.125
2016-01-12,23.5,0.0,15.8,1013.4,75.25
2016-01-13,23.1,0.0,15.5,1012.7,73.41666666666667
2016-01-14,22.9,0.0,14.8,1012.8,71.33333333333333
2016-01-15,22.4,0.0,15.1,1012.4,74.20833333333333
2016-01-16,22.9,0.0,13.3,1011.9,70.91666666666667
2016-01-17,22.1,0.0,12.6,1011.8,74.20833333333333
2016-01-18,22.4,0.0,12.9,1011.4,70.54166666666667
2016-01-19,22.4,0.0,13.0,1012.2,63.041666666666664
2016-01-20,22.6,0.0,17.9,1014.0,50.583333333333336
2016-01-21,23.5,0.0,18.1,1014.5,48.625
2016-01-22,23.9,0.0,17.1,1014.5,47.708333333333336
2016-01-23,24.8,0.0,14.8,1014.5,49.0
2016-01-24,24.8,0.0,13.4,1014.6,51.166666666666664
2016-01-25,23.0,0.0,15.0,1013.8,57.5
2016-01-26,22.0,0.0,15.5,1013.5,59.333333333333336
2016-01-27,21.7,0.0,14.1,1013.9,67.54166666666667
2016-01-28,23.7,0.0,13.8,1013.4,63.875
2016-01-29,24.2,0.0,15.2,1014.2,69.75
2016-01-30,25.1,0.0,16.8,1014.2,68.41666666666667
2016-01-31,25.5,0.0,20.1,1013.5,63.0
2016-02-01,25.2,0.0,16.1,1014.1,62.125
2016-02-02,24.7,0.0,15.3,1014.4,62.166666666666664
2016-02-03,24.5,0.0,16.1,1013.8,57.0
2016-02-04,23.2,0.0,16.9,1013.2,63.583333333333336
2016-02-05,23.5,0.0,13.7,1012.1,75.41666666666667
2016-02-06,22.8,0.0,11.2,1011.8,76.79166666666667
2016-02-07,22.2,0.0,12.9,1014.5,72.29166666666667
2016-02-08,22.9,0.0,15.9,1013.3,68.79166666666667
2016-02-09,24.4,0.0,14.8,1012.2,70.70833333333333
2016-02-10,24.5,0.0,11.4,1012.1,76.79166666666667
2016-02-11,23.2,0.0,15.2,1012.5,78.125
2016-02-12,22.2,0.0,14.9,1013.2,74.54166666666667
2016-02-13,22.3,0.0,19.2,1013.7,70.45833333333333
2016-02-14,24.4,0.0,17.3,1012.8,57.833333333333336
2016-02-15,25.0,0.0,17.8,1012.8,50.166666666666664
2016-02-16,24.9,0.0,16.2,1012.7,63.583333333333336
2016-02-17,24.8,0.0,17.7,1013.1,76.875
2016-02-18,25.3,0.0,21.1,1012.5,73.875
2016-02-19,25.6,0.0,19.9,1014.2,77.54166666666667
2016-02-20,26.4,0.0,17.6,1014.6,71.41666666666667
2016-02-21,27.5,0.0,19.1,1013.3,56.458333333333336
2016-02-22,25.9,0.0,16.8,1013.7,49.583333333333336
2016-02-23,25.0,0.0,14.2,1011.6,63.833333333333336
2016-02-24,24.2,0.0,17.0,1011.4,78.45833333333333
2016-02-25,24.0,0.0,13.5,1012.5,78.20833333333333
2016-02-26,25.1,0.0,13.1,1013.2,73.29166666666667
2016-02-27,26.4,0.0,15.5,1012.9,72.54166666666667
2016-02-28,26.1,0.0,15.7,1014.0,81.04166666666667
2016-02-29,26.6,0.0,13.1,1014.0,77.33333333333333
2016-03-01,27.3,0.1,17.5,1012.1,76.29166666666667
2016-03-02,27.7,0.6,13.1,1012.6,78.625
2016-03-03,28.3,0.0,15.3,1013.8,73.95833333333333
2016-03-04,28.8,0.0,12.7,1012.8,66.54166666666667
2016-03-05,27.8,0.0,18.4,1011.3,67.04166666666667
2016-03-06,26.3,0.0,17.0,1011.3,68.45833333333333
2016-03-07,26.7,0.0,17.9,1010.8,64.95833333333333
2016-03-08,27.6,0.0,18.6,1010.0,56.25
2016-03-09,27.5,0.0,16.6,1010.9,60.291666666666664
2016-03-10,28.0,0.0,17.9,1011.2,58.666666666666664
2016-03-11,28.1,0.0,17.7,1011.3,63.75
2016-03-12,27.0,0.0,19.3,1011.3,70.125
2016-03-13,25.6,0.0,16.8,1012.8,72.91666666666667
2016-03-14,25.4,0.0,20.3,1013.0,73.79166666666667
2016-03-15,26.5,0.0,19.8,1011.6,68.41666666666667
2016-03-16,26.2,0.0,18.7,1011.3,75.25
2016-03-17,26.6,0.0,14.8,1011.7,77.375
2016-03-18,27.3,0.0,17.5,1011.2,74.125
2016-03-19,29.1,0.0,19.2,1011.0,62.458333333333336
2016-03-20,29.5,0.0,19.2,1011.8,57.0
2016-03-21,28.3,0.0,16.5,1011.4,64.45833333333333
2016-03-22,27.6,0.0,20.4,1009.4,61.541666666666664
2016-03-23,29.4,0.0,17.5,1008.6,50.375
2016-03-24,27.8,0.0,14.5,1010.8,74.45833333333333
2016-03-25,27.2,0.0,17.8,1012.2,80.41666666666667
2016-03-26,27.7,0.0,16.5,1011.9,76.75
2016-03-27,29.2,0.2,16.9,1011.0,67.70833333333333
2016-03-28,28.6,0.0,15.8,1011.3,65.91666666666667
2016-03-29,27.5,0.0,16.2,1011.8,71.45833333333333
2016-03-30,27.3,0.0,16.7,1012.3,74.91666666666667
2016-03-31,27.2,0.0,18.3,1011.7,72.875
2016-04-01,26.9,0.0,17.9,1009.7,75.08333333333333
2016-04-02,27.1,0.0,18.0,1010.2,76.08333333333333
2016-04-03,27.7,0.0,18.9,1011.6,77.79166666666667
2016-04-04,28.5,0.0,21.1,1009.7,73.375
2016-04-05,28.4,0.0,16.4,1009.5,74.91666666666667
2016-04-06,28.1,0.0,20.8,1010.6,70.375
2016-04-07,28.2,0.2,20.7,1010.2,69.58333333333333
2016-04-08,29.1,0.0,21.6,1009.5,59.208333333333336
2016-04-09,29.1,0.0,22.5,1009.6,60.125
2016-04-10,29.1,0.0,20.3,1011.0,68.25
2016-04-11,29.5,0.0,21.4,1010.8,65.66666666666667
2016-04-12,29.5,0.0,21.5,1009.0,65.25
2016-04-13,28.4,0.0,18.5,1008.0,73.79166666666667
2016-04-14,28.0,0.0,21.1,1007.9,75.625
2016-04-15,28.2,0.0,20.0,1008.7,73.29166666666667
2016-04-16,27.8,0.0,21.0,1008.9,77.20833333333333
2016-04-17,27.4,0.0,17.2,1008.8,76.41666666666667
2016-04-18,28.8,0.0,19.9,1008.2,74.83333333333333
2016-04-19,29.2,0.0,19.2,1008.4,74.0
2016-04-20,29.2,0.0,20.3,1010.2,72.20833333333333
2016-04-21,28.5,0.0,17.9,1009.9,75.125
2016-04-22,27.7,0.0,16.6,1009.9,74.875
2016-04-23,28.3,0.0,16.2,1008.5,70.41666666666667
2016-04-24,27.9,0.0,17.3,1007.3,73.41666666666667
2016-04-25,27.7,0.0,17.4,1007.8,71.625
2016-04-26,28.3,0.0,19.2,1009.1,70.875
2016-04-27,30.6,0.0,22.7,1007.6,61.416666666666664
2016-04-28,30.0,0.0,18.4,1007.1,66.70833333333333
2016-04-29,28.7,0.0,17.3,1008.4,77.54166666666667
2016-04-30,28.7,0.0,18.0,1009.1,75.95833333333333
2016-05-01,28.5,0.0,18.1,1008.6,76.625
2016-05-02,29.1,0.0,18.7,1008.8,75.0
2016-05-03,29.2,0.0,20.1,1008.1,75.75
2016-05-04,28.8,0.0,19.1,1008.0,76.70833333333333
2016-05-05,29.0,0.0,20.4,1009.0,72.95833333333333
2016-05-06,28.9,0.0,20.7,1008.8,73.33333333333333
2016-05-07,29.1,0.0,19.9,1008.5,72.33333333333333
2016-05-08,29.2,0.0,18.1,1009.6,74.70833333333333
2016-05-09,29.2,0.0,21.0,1009.2,74.75
2016-05-10,29.5,0.0,17.1,1008.8,76.0
2016-05-11,29.6,0.0,18.4,1008.9,75.75
2016-05-12,29.7,0.0,19.6,1007.0,76.375
2016-05-13,29.8,0.0,17.7,1006.9,78.16666666666667
2016-05-14,30.3,0.0,18.9,1007.9,74.83333333333333
2016-05-15,30.1,0.0,19.2,1007.6,78.83333333333333
2016-05-16,29.9,0.0,20.0,1005.5,77.75
2016-05-17,29.9,0.0,20.2,1003.6,76.25
2016-05-18,30.0,0.0,20.0,1002.6,77.25
2016-05-19,30.4,0.0,19.3,1002.6,75.58333333333333
2016-05-20,30.3,0.1,20.6,1004.1,75.45833333333333
2016-05-21,30.4,0.1,21.4,1006.2,72.95833333333333
2016-05-22,30.4,0.0,21.0,1007.6,73.5
2016-05-23,30.5,0.3,20.6,1008.4,74.16666666666667
2016-05-24,30.4,0.4,19.5,1007.8,77.16666666666667
2016-05-25,30.2,1.4,20.9,1007.0,77.70833333333333
2016-05-26,30.0,2.8,18.9,1007.4,77.625
2016-05-27,30.2,1.0,17.2,1008.5,76.66666666666667
2016-05-28,30.1,1.4,19.1,1008.2,76.58333333333333
2016-05-29,30.1,1.3,20.7,1007.4,77.70833333333333
2016-05-30,30.1,2.4,17.5,1006.6,76.20833333333333
2016-05-31,30.1,2.0,18.3,1007.4,76.20833333333333
2016-06-01,30.3,0.7,19.2,1007.9,74.125
2016-06-02,30.6,0.2,19.5,1007.3,71.45833333333333
2016-06-03,30.7,0.0,22.6,1006.5,71.375
2016-06-04,31.0,0.2,20.4,1006.5,71.0
2016-06-05,31.1,0.0,19.6,1006.6,71.33333333333333
2016-06-06,30.8,0.0,16.6,1006.2,72.625
2016-06-07,30.9,0.0,18.4,1005.9,73.04166666666667
2016-06-08,31.0,0.0,18.7,1005.2,71.45833333333333
2016-06-09,31.0,0.4,19.8,1005.2,71.58333333333333
2016-06-10,30.6,3.4,19.8,1006.0,73.79166666666667
2016-06-11,28.4,8.2,21.8,1007.0,85.5
2016-06-12,28.7,7.5,20.4,1006.9,85.5
2016-06-13,29.7,4.1,20.3,1007.4,77.95833333333333
2016-06-14,29.4,5.2,25.4,1006.8,77.91666666666667
2016-06-15,29.1,5.5,24.1,1005.2,81.5
2016-06-16,29.3,2.7,23.6,1004.5,78.54166666666667
2016-06-17,29.2,4.6,19.8,1004.9,78.5
2016-06-18,29.0,3.3,19.0,1005.4,80.91666666666667
2016-06-19,28.5,7.7,15.1,1004.5,83.41666666666667
2016-06-20,26.2,29.0,20.3,1003.1,88.08333333333333
2016-06-21,27.1,40.9,16.6,1002.9,87.79166666666667
2016-06-22,27.5,24.0,19.3,1005.1,84.0
2016-06-23,27.3,22.5,20.9,1004.9,86.875
2016-06-24,26.9,47.7,19.7,1004.4,89.25
2016-06-25,26.4,82.0,23.8,1005.5,92.08333333333333
2016-06-26,26.3,39.3,21.7,1005.0,91.54166666666667
2016-06-27,26.2,35.7,18.9,1003.4,92.41666666666667
2016-06-28,26.4,53.0,18.7,1003.0,91.25
2016-06-29,26.2,40.9,18.3,1004.0,92.20833333333333
2016-06-30,26.8,33.6,21.7,1003.9,90.95833333333333
2016-07-01,26.9,41.8,24.5,1002.6,90.20833333333333
2016-07-02,26.6,42.5,28.1,1002.4,92.20833333333333
2016-07-03,26.8,28.8,23.9,1003.4,91.16666666666667
2016-07-04,26.7,53.6,22.2,1004.4,92.75
2016-07-05,26.5,17.0,21.7,1004.4,91.41666666666667
2016-07-06,26.8,7.0,19.7,1004.5,89.375
2016-07-07,27.4,5.3,20.3,1005.3,86.66666666666667
2016-07-08,27.4,6.4,24.0,1004.7,85.625
2016-07-09,26.6,28.2,25.3,1003.5,91.04166666666667
2016-07-10,26.8,27.3,26.3,1002.9,89.54166666666667
2016-07-11,26.4,24.7,23.2,1003.0,90.875
2016-07-12,25.8,21.3,21.6,1003.8,91.5
2016-07-13,26.0,13.6,24.5,1004.1,90.79166666666667
2016-07-14,26.2,10.7,22.4,1004.5,90.83333333333333
2016-07-15,26.4,5.5,19.3,1005.3,89.33333333333333
2016-07-16,26.4,11.8,23.7,1005.8,90.33333333333333
2016-07-17,26.1,11.3,21.3,1007.7,91.04166666666667
2016-07-18,26.0,18.9,18.4,1008.7,91.16666666666667
2016-07-19,25.7,26.5,16.8,1008.6,91.95833333333333
2016-07-20,26.1,14.3,20.2,1007.5,89.29166666666667
2016-07-21,25.7,11.1,14.5,1006.5,90.875
2016-07-22,25.7,15.4,13.8,1005.3,91.66666666666667
2016-07-23,25.9,11.2,18.7,1004.7,90.0
2016-07-24,26.1,9.7,14.0,1005.0,89.375
2016-07-25,26.3,9.9,14.8,1005.4,89.91666666666667
2016-07-26,26.0,9.4,10.1,1006.0,90.875
2016-07-27,25.7,14.7,11.9,1006.7,91.54166666666667
2016-07-28,25.6,29.0,9.7,1007.0,93.125
2016-07-29,25.6,69.4,11.2,1006.6,92.66666666666667
2016-07-30,25.7,31.4,16.1,1005.7,92.5
2016-07-31,25.7,60.0,20.6,1006.7,92.625
2016-08-01,25.6,55.1,26.0,1005.7,92.45833333333333
2016-08-02,26.3,61.5,32.3,1002.8,87.83333333333333
2016-08-03,26.0,44.8,31.7,1002.8,89.54166666666667
2016-08-04,25.8,18.1,26.0,1003.6,88.91666666666667
2016-08-05,25.6,37.1,30.6,1003.5,92.625
2016-08-06,25.8,15.3,28.7,1004.5,90.45833333333333
2016-08-07,26.1,12.7,27.6,1005.4,89.29166666666667
2016-08-08,26.1,14.7,26.1,1006.5,89.33333333333333
2016-08-09,26.1,15.6,29.3,1006.3,89.54166666666667
2016-08-10,25.7,23.3,26.6,1006.9,91.75
2016-08-11,26.4,13.2,22.9,1008.0,89.20833333333333
2016-08-12,26.5,7.9,19.1,1008.3,88.875
2016-08-13,26.7,5.9,20.5,1007.4,85.58333333333333
2016-08-14,26.8,4.2,24.5,1007.1,83.79166666666667
2016-08-15,26.8,4.9,24.5,1006.9,82.91666666666667
2016-08-16,26.7,4.5,25.2,1006.1,85.41666666666667
2016-08-17,26.5,5.5,23.8,1005.0,86.08333333333333
2016-08-18,25.9,7.0,18.4,1005.3,88.33333333333333
2016-08-19,26.6,3.0,17.9,1005.8,85.91666666666667
2016-08-20,25.9,4.7,17.8,1005.4,89.875
2016-08-21,25.8,5.7,19.7,1005.8,90.70833333333333
2016-08-22,25.9,5.2,19.0,1006.7,90.95833333333333
2016-08-23,26.2,15.3,16.8,1006.3,91.29166666666667
2016-08-24,26.5,11.4,16.1,1005.9,88.625
2016-08-25,26.9,2.8,18.0,1007.1,84.54166666666667
2016-08-26,26.2,13.4,17.2,1006.9,88.83333333333333
2016-08-27,26.0,23.1,13.3,1006.7,90.33333333333333
2016-08-28,26.0,32.2,15.8,1006.9,91.95833333333333
2016-08-29,26.6,6.3,14.3,1006.7,89.16666666666667
2016-08-30,26.9,2.0,16.1,1005.8,86.33333333333333
2016-08-31,26.9,2.1,16.5,1006.0,85.16666666666667
2016-09-01,26.2,5.8,16.9,1006.9,88.625
2016-09-02,26.4,6.5,17.4,1007.5,86.83333333333333
2016-09-03,26.5,3.0,18.0,1007.8,83.5
2016-09-04,26.8,1.3,16.9,1009.7,79.66666666666667
2016-09-05,26.6,0.4,16.7,1010.7,81.29166666666667
2016-09-06,26.0,3.1,16.1,1010.9,85.33333333333333
2016-09-07,26.2,3.8,14.4,1010.0,84.5
2016-09-08,26.1,2.7,10.1,1010.2,84.79166666666667
2016-09-09,26.3,1.5,12.4,1010.9,85.79166666666667
2016-09-10,26.5,1.1,13.8,1010.2,84.95833333333333
2016-09-11,26.3,2.3,11.5,1008.9,86.45833333333333
2016-09-12,26.6,1.4,12.4,1008.0,83.66666666666667
2016-09-13,26.8,0.7,9.0,1008.4,85.25
2016-09-14,27.2,4.8,11.9,1008.2,84.41666666666667
2016-09-15,26.3,28.0,9.7,1007.2,90.54166666666667
2016-09-16,26.0,129.3,15.6,1005.5,92.25
2016-09-17,25.6,126.0,19.4,1004.2,94.25
2016-09-18,25.7,103.0,30.3,1005.6,92.5
2016-09-19,25.9,25.9,20.4,1008.3,90.66666666666667
2016-09-20,26.3,21.7,19.0,1008.4,88.08333333333333
2016-09-21,25.5,74.8,17.8,1008.2,92.83333333333333
2016-09-22,25.9,251.1,17.6,1008.0,90.33333333333333
2016-09-23,26.3,17.0,18.7,1006.3,88.125
2016-09-24,26.2,11.2,18.2,1005.3,89.54166666666667
2016-09-25,26.4,5.8,15.7,1006.4,88.0
2016-09-26,26.8,5.8,18.6,1008.3,86.375
2016-09-27,27.0,1.9,17.0,1009.4,86.91666666666667
2016-09-28,27.0,1.7,17.6,1008.7,85.54166666666667
2016-09-29,27.0,1.0,15.3,1008.0,83.54166666666667
2016-09-30,26.5,2.8,19.7,1007.6,83.66666666666667
2016-10-01,25.5,25.2,15.4,1007.6,88.125
2016-10-02,24.7,40.4,20.2,1008.7,90.375
2016-10-03,25.3,7.0,20.5,1007.7,89.45833333333333
2016-10-04,24.9,26.2,24.4,1008.1,89.91666666666667
2016-10-05,26.1,2.5,18.1,1008.7,85.29166666666667
2016-10-06,25.9,3.7,17.6,1009.1,87.25
2016-10-07,26.3,1.6,15.1,1008.8,86.08333333333333
2016-10-08,26.7,1.1,16.6,1009.0,85.41666666666667
2016-10-09,26.8,1.6,15.3,1008.9,85.91666666666667
2016-10-10,26.8,0.8,13.0,1009.0,87.54166666666667
2016-10-11,26.9,0.0,16.1,1009.6,85.16666666666667
2016-10-12,26.4,0.0,13.5,1009.6,85.45833333333333
2016-10-13,26.3,0.0,15.3,1009.9,83.75
2016-10-14,27.0,0.0,10.7,1010.0,81.625
2016-10-15,27.0,0.0,8.8,1010.3,82.875
2016-10-16,27.5,0.0,13.2,1011.2,85.58333333333333
2016-10-17,27.9,0.0,10.5,1010.5,80.45833333333333
2016-10-18,28.2,0.0,13.8,1009.6,75.70833333333333
2016-10-19,28.1,0.0,13.5,1009.0,68.5
2016-10-20,27.6,0.0,12.7,1008.2,67.79166666666667
2016-10-21,27.1,0.0,15.3,1009.0,73.95833333333333
2016-10-22,27.1,0.0,14.3,1010.6,80.125
2016-10-23,27.0,0.0,13.6,1011.0,81.75
2016-10-24,26.9,0.0,15.0,1011.0,79.95833333333333
2016-10-25,26.0,0.0,16.0,1010.7,78.0
2016-10-26,26.1,0.0,13.0,1010.8,72.91666666666667
2016-10-27,27.3,0.0,15.3,1011.9,67.04166666666667
2016-10-28,26.8,0.0,14.0,1011.4,69.91666666666667
2016-10-29,26.3,0.0,11.2,1010.7,70.08333333333333
2016-10-30,26.2,0.0,12.9,1011.1,64.04166666666667
2016-10-31,27.7,0.0,13.7,1012.6,63.5
2016-11-01,27.7,0.0,14.1,1012.5,62.625
2016-11-02,26.7,0.0,12.6,1011.9,61.25
2016-11-03,26.3,0.0,13.2,1012.0,63.666666666666664
2016-11-04,25.8,0.0,12.9,1010.8,65.75
2016-11-05,26.1,0.0,14.1,1009.7,66.58333333333333
2016-11-06,25.8,0.0,13.0,1010.9,64.79166666666667
2016-11-07,25.7,0.0,14.8,1012.7,65.625
2016-11-08,26.2,0.0,16.3,1013.1,57.208333333333336
2016-11-09,26.2,0.0,13.7,1013.7,55.875
2016-11-10,25.4,0.0,12.6,1012.9,59.25
2016-11-11,25.5,0.0,12.4,1012.1,59.958333333333336
2016-11-12,25.4,0.0,14.0,1012.5,60.791666666666664
2016-11-13,25.8,0.0,12.4,1013.2,60.708333333333336
2016-11-14,26.0,0.0,11.3,1012.6,65.33333333333333
2016-11-15,26.3,0.0,11.8,1011.8,70.125
2016-11-16,27.5,0.0,11.4,1012.0,68.5
2016-11-17,27.7,0.0,14.7,1012.8,61.291666666666664
2016-11-18,26.6,0.0,13.1,1012.1,59.416666666666664
2016-11-19,25.7,0.0,11.2,1010.6,60.875
2016-11-20,25.2,0.0,11.9,1011.0,62.75
2016-11-21,25.4,0.0,13.6,1011.3,59.0
2016-11-22,25.6,0.0,12.4,1011.2,59.666666666666664
2016-11-23,25.6,0.0,12.6,1010.8,61.0
2016-11-24,25.8,0.0,14.7,1011.1,59.25
2016-11-25,25.9,0.0,14.3,1011.2,58.166666666666664
2016-11-26,25.5,0.0,12.9,1011.8,60.166666666666664
2016-11-27,25.4,0.0,13.0,1012.2,60.333333333333336
2016-11-28,25.5,0.0,12.0,1011.8,64.79166666666667
2016-11-29,25.6,0.0,12.2,1012.6,69.16666666666667
2016-11-30,25.3,0.0,12.8,1013.0,69.0
2016-12-01,25.1,0.0,11.8,1012.4,67.75
2016-12-02,25.8,0.0,14.3,1012.1,65.54166666666667
2016-12-03,26.4,0.0,16.3,1012.8,58.208333333333336
2016-12-04,27.9,0.0,14.8,1013.9,60.208333333333336
2016-12-05,27.7,0.0,12.9,1013.3,64.83333333333333
2016-12-06,26.8,0.0,14.1,1012.8,58.958333333333336
2016-12-07,25.1,0.0,13.6,1013.1,59.625
2016-12-08,24.9,0.0,12.6,1013.0,62.25
2016-12-09,24.3,0.0,12.8,1012.1,65.33333333333333
2016-12-10,24.3,0.0,14.7,1011.6,62.791666666666664
2016-12-11,24.5,0.0,15.0,1010.8,57.583333333333336
2016-12-12,25.0,0.0,15.0,1010.4,59.041666666666664
2016-12-13,25.8,0.0,16.5,1009.9,53.333333333333336
2016-12-14,26.5,0.0,12.1,1010.7,55.833333333333336
2016-12-15,27.4,0.0,10.6,1012.0,64.625
2016-12-16,27.9,0.0,12.9,1013.2,63.041666666666664
2016-12-17,27.7,0.0,14.0,1013.7,60.791666666666664
2016-12-18,27.2,0.0,16.1,1014.1,51.291666666666664
2016-12-19,25.2,0.0,14.0,1014.0,59.916666666666664
2016-12-20,25.6,0.0,12.6,1013.0,59.25
2016-12-21,24.9,0.0,12.1,1014.2,63.541666666666664
2016-12-22,24.5,0.0,13.4,1014.1,65.125
2016-12-23,24.5,0.0,12.5,1012.5,66.54166666666667
2016-12-24,24.1,0.0,13.9,1010.2,68.79166666666667
2016-12-25,24.2,0.0,11.0,1011.1,66.95833333333333
2016-12-26,24.6,0.0,12.8,1012.3,60.375
2016-12-27,24.8,0.0,13.6,1012.4,57.583333333333336
2016-12-28,24.5,0.0,12.6,1012.4,57.0
2016-12-29,24.5,0.0,12.7,1012.9,58.541666666666664
2016-12-30,24.5,0.0,10.7,1013.2,62.166666666666664
2016-12-31,24.5,0.0,12.5,1012.7,66.70833333333333
2017-01-01,23.6,0.0,14.6,1013.0,73.16666666666667
2017-01-02,23.4,0.0,18.2,1013.7,65.95833333333333
2017-01-03,23.6,0.0,17.1,1013.7,55.041666666666664
2017-01-04,22.8,0.0,15.4,1013.4,60.5
2017-01-05,22.4,0.0,15.7,1012.8,66.83333333333333
2017-01-06,21.8,0.0,16.3,1012.5,73.33333333333333
2017-01-07,21.5,0.0,17.1,1011.3,80.79166666666667
2017-01-08,22.3,0.0,15.7,1010.5,80.04166666666667
2017-01-09,22.5,0.0,19.9,1011.2,68.625
2017-01-10,21.4,0.0,23.8,1012.7,60.541666666666664
2017-01-11,21.1,0.0,23.8,1013.1,57.25
2017-01-12,20.8,0.0,15.5,1011.8,57.0
2017-01-13,21.2,0.0,17.6,1011.1,63.041666666666664
2017-01-14,22.6,0.0,15.4,1011.8,70.20833333333333
2017-01-15,23.1,0.0,18.4,1014.0,76.33333333333333
2017-01-16,23.4,0.0,17.2,1014.5,73.70833333333333
2017-01-17,23.0,0.0,21.2,1014.2,60.958333333333336
2017-01-18,22.8,0.0,21.7,1014.5,56.0
2017-01-19,24.2,0.0,19.7,1014.7,55.75
2017-01-20,24.1,0.0,16.6,1014.7,57.833333333333336
2017-01-21,24.3,0.0,16.9,1014.9,58.333333333333336
2017-01-22,25.0,0.0,15.9,1015.8,55.333333333333336
2017-01-23,25.5,0.0,16.4,1015.0,57.208333333333336
2017-01-24,25.7,0.0,16.7,1014.0,56.75
2017-01-25,25.7,0.0,19.1,1014.3,57.208333333333336
2017-01-26,24.7,0.0,23.4,1014.2,64.95833333333333
2017-01-27,23.7,0.0,24.0,1014.2,55.958333333333336
2017-01-28,24.6,0.0,21.1,1013.3,49.375
2017-01-29,24.9,0.0,18.1,1013.4,50.375
2017-01-30,24.2,0.0,18.0,1013.0,53.541666666666664
2017-01-31,24.1,0.0,21.0,1012.6,57.208333333333336
2017-02-01,23.9,0.0,18.1,1012.4,54.166666666666664
2017-02-02,24.2,0.0,18.8,1013.5,63.791666666666664
2017-02-03,24.1,0.0,21.2,1014.2,69.95833333333333
2017-02-04,23.1,0.0,24.5,1013.4,80.91666666666667
2017-02-05,22.7,0.0,26.5,1013.8,79.41666666666667
2017-02-06,22.3,0.0,22.7,1014.0,61.958333333333336
2017-02-07,22.1,0.0,18.1,1013.0,58.75
2017-02-08,23.2,0.0,22.0,1013.1,61.166666666666664
2017-02-09,24.3,0.0,21.7,1012.5,55.375
2017-02-10,23.2,0.0,19.4,1010.9,56.333333333333336
2017-02-11,22.4,0.0,13.4,1012.0,73.0
2017-02-12,22.5,0.0,20.4,1013.8,68.79166666666667
2017-02-13,24.4,0.0,16.5,1014.3,53.416666666666664
2017-02-14,26.3,0.0,18.9,1015.9,52.958333333333336
2017-02-15,27.0,0.0,19.3,1016.2,50.166666666666664
2017-02-16,27.0,0.0,21.2,1014.5,50.666666666666664
2017-02-17,27.7,0.0,19.7,1013.3,49.125
2017-02-18,27.7,0.0,21.1,1013.8,45.125
2017-02-19,27.2,0.0,19.8,1013.3,49.75
2017-02-20,25.8,0.0,22.7,1011.1,61.333333333333336
2017-02-21,24.1,0.0,19.7,1011.1,77.45833333333333
2017-02-22,23.6,0.0,20.7,1012.1,78.25
2017-02-23,25.4,0.0,24.1,1012.6,62.666666666666664
2017-02-24,26.7,0.0,25.0,1012.6,44.25
2017-02-25,27.3,0.0,22.5,1012.0,36.875
2017-02-26,27.1,0.0,19.8,1010.0,37.958333333333336
2017-02-27,26.2,0.0,16.7,1010.6,44.416666666666664
2017-02-28,26.7,0.0,18.2,1011.6,50.833333333333336
2017-03-01,26.5,0.0,20.1,1010.8,52.375
2017-03-02,26.5,0.0,24.4,1009.8,54.75
2017-03-03,25.5,0.0,19.1,1008.1,64.0
2017-03-04,24.6,0.0,16.3,1008.1,73.625
2017-03-05,25.0,0.0,21.9,1008.6,64.20833333333333
2017-03-06,24.9,0.0,16.6,1008.1,70.54166666666667
2017-03-07,24.5,0.0,17.7,1008.2,75.16666666666667
2017-03-08,25.2,0.0,20.2,1008.7,73.66666666666667
2017-03-09,24.8,0.0,19.2,1008.6,74.29166666666667
2017-03-10,24.7,0.1,18.4,1009.4,72.16666666666667
2017-03-11,24.7,0.0,22.7,1011.8,60.208333333333336
2017-03-12,23.3,0.0,26.2,1012.1,57.583333333333336
2017-03-13,23.9,0.0,19.0,1011.1,49.875
2017-03-14,25.6,0.0,17.7,1010.8,50.041666666666664
2017-03-15,26.3,0.0,18.3,1010.8,62.875
2017-03-16,25.9,0.0,17.1,1011.6,67.625
2017-03-17,25.8,0.0,20.4,1011.4,69.79166666666667
2017-03-18,26.3,0.0,23.9,1012.0,66.16666666666667
2017-03-19,25.8,0.0,21.2,1012.4,72.58333333333333
2017-03-20,26.1,0.0,21.4,1011.7,75.83333333333333
2017-03-21,26.2,0.0,18.6,1012.1,74.54166666666667
2017-03-22,26.1,0.0,22.5,1011.6,73.875
2017-03-23,26.4,0.0,25.5,1010.5,72.375
2017-03-24,26.6,0.0,23.8,1010.1,74.45833333333333
2017-03-25,27.6,0.0,23.7,1010.2,66.58333333333333
2017-03-26,28.5,0.0,26.3,1010.6,62.041666666666664
2017-03-27,30.0,0.0,26.9,1009.7,53.916666666666664
2017-03-28,27.8,0.0,18.6,1010.5,73.91666666666667
2017-03-29,27.5,0.0,20.2,1010.4,85.16666666666667
2017-03-30,27.4,0.0,16.8,1011.3,82.45833333333333
2017-03-31,27.8,0.0,23.2,1011.0,73.20833333333333
2017-04-01,28.0,0.0,19.4,1010.6,72.16666666666667
2017-04-02,27.2,0.0,17.2,1009.9,78.29166666666667
2017-04-03,27.1,0.0,15.8,1010.2,82.04166666666667
2017-04-04,27.4,0.0,16.2,1010.6,81.29166666666667
2017-04-05,27.8,0.0,15.9,1010.1,79.45833333333333
2017-04-06,27.8,0.0,16.3,1009.4,77.66666666666667
2017-04-07,26.9,0.0,22.2,1010.3,71.875
2017-04-08,26.5,0.0,22.9,1009.6,68.125
2017-04-09,28.7,0.0,21.4,1008.3,52.75
2017-04-10,28.8,0.0,23.0,1007.3,60.041666666666664
2017-04-11,28.6,0.0,20.1,1007.9,72.91666666666667
2017-04-12,28.6,0.0,19.6,1008.7,76.08333333333333
2017-04-13,29.0,0.0,22.2,1008.2,69.41666666666667
2017-04-14,28.0,0.0,19.4,1008.1,79.75
2017-04-15,28.3,0.0,16.7,1007.4,79.04166666666667
2017-04-16,29.0,0.0,24.4,1007.1,69.375
2017-04-17,28.4,0.0,21.7,1008.8,74.58333333333333
2017-04-18,28.9,0.0,26.5,1008.4,66.83333333333333
2017-04-19,28.3,0.0,18.4,1008.1,73.375
2017-04-20,27.9,0.0,16.8,1008.2,79.16666666666667
2017-04-21,27.9,0.0,18.3,1008.9,78.41666666666667
2017-04-22,28.3,0.0,16.3,1009.6,75.70833333333333
2017-04-23,28.5,0.0,15.6,1009.6,73.16666666666667
2017-04-24,28.1,0.0,15.2,1010.2,73.20833333333333
2017-04-25,27.6,0.0,18.8,1010.5,75.66666666666667
2017-04-26,27.4,0.0,21.5,1010.4,76.95833333333333
2017-04-27,27.6,0.0,23.3,1010.5,75.70833333333333
2017-04-28,27.7,0.0,20.9,1010.3,78.83333333333333
2017-04-29,27.4,0.0,19.0,1010.8,78.875
2017-04-30,27.6,0.0,19.8,1010.2,77.79166666666667
2017-05-01,27.8,0.0,28.1,1009.5,78.41666666666667
2017-05-02,27.7,0.0,21.7,1010.3,82.0
2017-05-03,28.3,0.0,22.6,1010.2,80.95833333333333
2017-05-04,28.5,0.0,21.1,1010.0,80.5
2017-05-05,29.5,0.0,20.6,1009.2,77.58333333333333
2017-05-06,29.3,0.0,17.6,1010.0,78.125
2017-05-07,29.0,0.0,19.5,1010.9,77.125
2017-05-08,28.5,0.1,19.6,1010.0,80.54166666666667
2017-05-09,29.0,0.0,18.9,1008.6,77.95833333333333
2017-05-10,29.1,0.0,20.0,1008.3,78.29166666666667
2017-05-11,29.1,0.0,21.3,1008.7,78.95833333333333
2017-05-12,30.1,0.0,24.4,1007.9,77.04166666666667
2017-05-13,30.7,0.0,20.2,1007.0,74.08333333333333
2017-05-14,29.9,0.0,19.6,1007.2,78.375
2017-05-15,29.5,0.0,19.2,1007.4,76.83333333333333
2017-05-16,29.4,0.0,19.8,1006.5,77.41666666666667
2017-05-17,29.6,0.0,18.8,1006.9,77.04166666666667
2017-05-18,29.6,0.0,19.5,1007.8,75.58333333333333
2017-05-19,29.7,0.0,20.3,1009.4,74.5
2017-05-20,29.3,0.0,19.7,1008.3,75.0
2017-05-21,29.9,0.1,19.5,1007.2,69.04166666666667
2017-05-22,29.9,0.0,21.6,1007.7,70.25
2017-05-23,30.1,0.1,23.7,1007.5,74.375
2017-05-24,29.7,0.0,22.4,1006.8,78.91666666666667
2017-05-25,30.0,0.1,20.1,1006.3,73.83333333333333
2017-05-26,30.0,0.2,18.5,1006.1,73.16666666666667
2017-05-27,30.1,1.4,20.9,1006.1,71.33333333333333
2017-05-28,30.0,5.5,23.6,1005.9,75.08333333333333
2017-05-29,29.9,7.0,26.5,1004.9,75.54166666666667
2017-05-30,29.6,3.4,29.8,1003.1,78.70833333333333
2017-05-31,29.7,2.7,20.2,1002.4,78.625
2017-06-01,29.1,7.2,19.1,1003.1,82.83333333333333
2017-06-02,29.1,11.2,17.6,1004.2,82.29166666666667
2017-06-03,29.2,0.5,26.4,1005.4,80.20833333333333
2017-06-04,29.1,2.7,22.4,1006.2,78.25
2017-06-05,29.3,3.6,19.6,1006.6,79.83333333333333
2017-06-06,29.5,5.9,20.1,1007.3,77.66666666666667
2017-06-07,27.6,26.3,19.3,1008.4,87.41666666666667
2017-06-08,27.2,19.0,13.8,1007.6,87.83333333333333
2017-06-09,27.2,21.9,14.4,1006.1,89.0
2017-06-10,26.5,38.4,16.5,1004.6,91.29166666666667
2017-06-11,27.2,18.9,14.2,1003.1,88.79166666666667
2017-06-12,27.5,26.2,12.8,1003.0,87.58333333333333
2017-06-13,27.5,14.9,12.7,1004.3,87.5
2017-06-14,28.0,14.4,15.1,1006.0,86.16666666666667
2017-06-15,27.8,8.1,15.2,1006.6,87.70833333333333
2017-06-16,28.0,10.0,16.4,1005.6,85.08333333333333
2017-06-17,28.3,3.2,15.5,1005.9,84.625
2017-06-18,28.6,5.1,21.7,1005.6,83.375
2017-06-19,28.9,4.0,21.0,1004.7,82.25
2017-06-20,28.6,4.5,25.2,1004.8,80.625
2017-06-21,28.7,3.6,26.9,1004.9,79.33333333333333
2017-06-22,28.4,5.5,26.6,1005.5,82.875
2017-06-23,28.6,4.9,23.9,1005.3,81.875
2017-06-24,27.7,12.5,22.3,1003.0,85.125
2017-06-25,26.8,39.8,22.9,1000.9,88.54166666666667
2017-06-26,26.4,41.0,24.7,1001.9,90.91666666666667
2017-06-27,26.5,63.9,32.4,1002.1,90.54166666666667
2017-06-28,27.0,66.8,37.2,1002.0,87.08333333333333
2017-06-29,26.9,51.5,32.4,1002.9,89.41666666666667
2017-06-30,27.5,33.5,30.0,1002.7,85.5
2017-07-01,27.2,37.5,33.7,1003.0,86.83333333333333
2017-07-02,26.9,33.9,26.8,1003.8,87.29166666666667
2017-07-03,27.4,14.0,28.1,1005.4,85.0
2017-07-04,27.1,7.0,25.4,1006.1,85.625
2017-07-05,27.6,6.3,26.3,1006.0,83.5
2017-07-06,27.7,7.5,23.0,1006.2,83.375
2017-07-07,27.1,10.1,17.4,1007.0,85.08333333333333
2017-07-08,26.7,7.9,16.5,1007.4,87.0
2017-07-09,26.5,7.1,14.7,1007.0,87.91666666666667
2017-07-10,26.7,4.3,18.6,1007.8,88.875
2017-07-11,27.6,3.8,25.8,1007.8,82.91666666666667
2017-07-12,27.3,7.6,26.0,1006.9,82.04166666666667
2017-07-13,26.9,10.0,26.6,1006.0,84.91666666666667
2017-07-14,26.5,41.5,30.1,1005.3,86.875
2017-07-15,26.2,51.4,28.3,1005.3,88.875
2017-07-16,26.2,42.8,27.9,1004.7,88.625
2017-07-17,26.2,74.0,27.0,1003.8,90.16666666666667
2017-07-18,25.9,83.7,23.5,1002.3,92.0
2017-07-19,26.2,25.9,30.6,1000.2,90.0
2017-07-20,26.2,76.1,36.4,999.4,90.25
2017-07-21,26.8,72.2,35.6,1001.2,86.33333333333333
2017-07-22,26.3,46.1,32.1,1003.6,87.58333333333333
2017-07-23,26.7,37.5,33.7,1004.0,86.41666666666667
2017-07-24,27.3,13.9,34.0,1004.2,83.58333333333333
2017-07-25,27.4,7.5,32.2,1004.1,83.20833333333333
2017-07-26,27.2,7.8,29.4,1004.5,83.20833333333333
2017-07-27,26.9,9.5,26.3,1005.2,85.375
2017-07-28,26.1,23.1,23.4,1006.8,88.70833333333333
2017-07-29,26.5,9.7,24.4,1007.5,87.20833333333333
2017-07-30,26.4,9.0,21.5,1007.7,88.41666666666667
2017-07-31,26.3,15.7,20.3,1007.6,89.20833333333333
2017-08-01,26.5,11.2,20.9,1007.7,88.625
2017-08-02,26.9,6.9,24.6,1007.8,84.83333333333333
2017-08-03,26.7,6.2,26.8,1006.5,85.625
2017-08-04,26.9,4.8,24.4,1004.5,85.08333333333333
2017-08-05,27.0,3.6,21.7,1004.2,82.91666666666667
2017-08-06,27.1,1.4,17.6,1004.6,84.125
2017-08-07,26.9,3.0,14.7,1005.2,85.0
2017-08-08,26.9,2.4,13.7,1006.1,86.04166666666667
2017-08-09,26.6,6.3,15.6,1006.4,88.125
2017-08-10,26.2,12.1,18.0,1006.7,89.83333333333333
2017-08-11,26.5,10.3,18.3,1007.6,88.75
2017-08-12,27.2,5.1,23.7,1008.0,82.45833333333333
2017-08-13,26.9,6.7,22.2,1008.5,83.91666666666667
2017-08-14,26.3,27.7,16.3,1009.7,88.54166666666667
2017-08-15,26.7,4.6,14.2,1009.2,86.83333333333333
2017-08-16,26.8,3.3,17.1,1007.7,86.20833333333333
2017-08-17,27.1,4.7,20.6,1005.7,84.375
2017-08-18,27.1,3.3,16.9,1004.5,84.95833333333333
2017-08-19,26.4,16.0,18.8,1004.4,87.66666666666667
2017-08-20,25.6,75.2,22.8,1003.1,89.04166666666667
2017-08-21,25.6,21.2,20.8,1002.0,85.91666666666667
2017-08-22,26.1,7.1,18.8,1003.4,89.83333333333333
2017-08-23,26.7,4.5,15.0,1006.2,88.83333333333333
2017-08-24,26.7,4.8,17.0,1006.8,88.0
2017-08-25,26.2,39.2,20.8,1005.0,91.25
2017-08-26,26.3,31.3,21.7,1003.2,90.95833333333333
2017-08-27,26.6,21.8,21.0,1002.3,89.95833333333333
2017-08-28,26.3,58.9,20.2,1000.2,90.58333333333333
2017-08-29,26.3,66.6,31.0,998.7,86.58333333333333
2017-08-30,26.5,43.0,29.6,1002.5,88.08333333333333
2017-08-31,26.8,7.5,26.2,1006.6,86.5
2017-09-01,26.0,7.5,23.7,1008.0,88.91666666666667
2017-09-02,26.2,4.8,19.2,1007.6,88.33333333333333
2017-09-03,26.8,9.6,15.6,1007.7,86.79166666666667
2017-09-04,26.9,1.6,16.5,1009.0,89.5
2017-09-05,27.0,1.8,18.5,1009.1,86.125
2017-09-06,26.9,2.6,16.6,1008.1,85.875
2017-09-07,27.4,0.8,20.4,1007.0,86.16666666666667
2017-09-08,27.7,1.7,20.2,1006.8,88.45833333333333
2017-09-09,27.5,14.9,17.6,1005.9,88.625
2017-09-10,27.6,5.2,15.6,1006.0,88.58333333333333
2017-09-11,28.5,0.4,16.7,1006.7,89.5
2017-09-12,28.5,6.6,15.7,1007.3,86.20833333333333
2017-09-13,27.6,9.6,12.3,1008.0,85.83333333333333
2017-09-14,28.0,9.3,13.7,1007.5,86.54166666666667
2017-09-15,27.1,6.6,11.5,1006.8,86.54166666666667
2017-09-16,27.2,5.0,15.3,1005.6,85.5
2017-09-17,26.8,20.9,17.6,1005.6,87.95833333333333
2017-09-18,27.1,22.3,21.1,1004.8,87.25
2017-09-19,26.2,61.8,33.6,1003.7,91.0
2017-09-20,25.9,119.5,24.8,1005.0,89.91666666666667
2017-09-21,26.3,12.4,18.8,1005.8,87.04166666666667
2017-09-22,26.4,2.4,12.4,1007.7,86.70833333333333
2017-09-23,26.7,0.9,14.6,1009.6,86.375
2017-09-24,27.1,1.3,17.2,1010.0,86.04166666666667
2017-09-25,27.1,1.7,20.5,1008.5,86.125
2017-09-26,27.2,0.0,20.9,1008.0,84.75
2017-09-27,27.9,0.3,20.2,1008.0,85.04166666666667
2017-09-28,28.1,1.1,21.9,1007.2,85.95833333333333
2017-09-29,27.5,6.8,20.7,1007.3,87.95833333333333
2017-09-30,28.2,1.9,17.6,1008.3,88.08333333333333
2017-10-01,28.5,0.5,16.3,1008.1,87.0
2017-10-02,28.5,0.7,20.9,1006.6,86.25
2017-10-03,28.6,0.5,17.7,1006.9,85.08333333333333
2017-10-04,29.1,0.1,17.2,1007.2,80.125
2017-10-05,28.5,0.0,14.3,1006.1,79.16666666666667
2017-10-06,28.3,0.1,13.1,1005.5,80.20833333333333
2017-10-07,27.9,13.5,14.3,1005.8,89.5
2017-10-08,27.4,11.6,11.9,1005.6,88.5
2017-10-09,27.3,7.1,10.0,1005.2,88.79166666666667
2017-10-10,26.4,27.8,13.8,1004.9,90.0
2017-10-11,25.9,34.2,20.1,1005.0,90.41666666666667
2017-10-12,27.2,8.4,19.6,1005.9,87.95833333333333
2017-10-13,27.3,5.5,10.4,1005.9,89.25
2017-10-14,26.8,22.1,15.2,1006.0,91.08333333333333
2017-10-15,27.0,27.9,11.6,1006.8,90.20833333333333
2017-10-16,27.5,5.7,15.5,1007.7,88.95833333333333
2017-10-17,27.7,1.0,18.3,1007.8,88.875
2017-10-18,27.6,0.0,20.2,1007.4,86.125
2017-10-19,27.3,0.0,16.5,1006.7,83.58333333333333
2017-10-20,26.9,0.0,12.8,1007.6,88.375
2017-10-21,27.5,0.6,17.4,1008.7,86.83333333333333
2017-10-22,27.7,0.3,16.4,1009.2,87.0
2017-10-23,27.9,0.3,15.3,1010.2,82.375
2017-10-24,27.1,0.0,16.3,1011.5,70.70833333333333
2017-10-25,26.5,0.0,14.3,1012.3,68.83333333333333
2017-10-26,26.9,0.0,11.7,1012.1,70.70833333333333
2017-10-27,26.9,0.0,14.6,1012.0,78.08333333333333
2017-10-28,26.4,0.0,15.3,1012.0,80.20833333333333
2017-10-29,26.7,0.0,10.2,1012.4,75.16666666666667
2017-10-30,26.8,0.0,14.4,1012.5,65.625
2017-10-31,26.9,0.0,17.5,1011.0,63.5
2017-11-01,26.7,0.0,16.2,1011.5,61.25
2017-11-02,26.4,0.0,14.3,1011.1,58.125
2017-11-03,26.2,0.0,16.2,1010.2,58.25
2017-11-04,25.8,0.0,19.3,1010.3,58.083333333333336
2017-11-05,26.3,0.0,17.3,1010.5,52.25
2017-11-06,27.2,0.0,14.4,1010.8,62.708333333333336
2017-11-07,26.6,0.0,13.7,1011.2,68.58333333333333
2017-11-08,26.4,0.0,14.0,1011.5,70.33333333333333
2017-11-09,26.2,0.0,13.9,1010.9,65.70833333333333
2017-11-10,26.1,0.0,15.6,1010.8,67.625
2017-11-11,26.0,0.0,16.9,1011.3,68.58333333333333
2017-11-12,25.3,0.0,14.8,1010.0,66.0
2017-11-13,25.1,0.0,14.8,1008.6,67.5
2017-11-14,24.4,0.0,16.6,1008.5,73.79166666666667
2017-11-15,25.3,0.0,16.9,1008.9,66.04166666666667
2017-11-16,25.4,0.0,20.5,1009.3,60.333333333333336
2017-11-17,25.3,0.0,18.9,1009.6,61.791666666666664
2017-11-18,26.0,0.0,16.5,1010.4,59.416666666666664
2017-11-19,26.2,0.0,18.2,1011.4,55.083333333333336
2017-11-20,26.7,0.0,9.7,1011.8,59.583333333333336
2017-11-21,27.1,0.0,15.3,1010.8,70.08333333333333
2017-11-22,27.1,0.0,20.4,1010.1,66.41666666666667
2017-11-23,25.6,0.0,17.1,1010.3,64.33333333333333
2017-11-24,24.5,0.0,17.6,1012.2,69.83333333333333
2017-11-25,25.3,0.0,19.6,1012.6,66.08333333333333
2017-11-26,26.3,0.0,17.1,1012.7,63.083333333333336
2017-11-27,25.5,0.0,15.5,1011.8,63.875
2017-11-28,24.8,0.0,14.5,1011.3,67.83333333333333
2017-11-29,24.6,0.0,13.7,1012.0,66.79166666666667
2017-11-30,24.9,0.0,18.1,1011.1,58.291666666666664
2017-12-01,25.9,0.0,16.4,1009.5,52.041666666666664
2017-12-02,26.7,0.0,16.8,1009.9,47.666666666666664
2017-12-03,27.0,0.0,17.3,1009.9,56.083333333333336
2017-12-04,26.4,5.1,20.0,1009.0,63.291666666666664
2017-12-05,23.9,22.8,42.1,1005.8,86.83333333333333
2017-12-06,24.2,0.6,26.9,1008.8,83.58333333333333
2017-12-07,22.4,0.0,15.4,1011.3,83.625
2017-12-08,23.9,0.8,14.5,1011.2,84.125
2017-12-09,24.8,0.2,17.4,1011.3,88.33333333333333
2017-12-10,24.8,0.0,16.4,1012.1,88.875
2017-12-11,24.1,0.0,22.8,1013.6,83.41666666666667
2017-12-12,23.1,0.0,16.1,1014.4,79.08333333333333
2017-12-13,22.1,0.0,15.6,1014.6,72.83333333333333
2017-12-14,21.8,0.0,15.9,1014.5,75.375
2017-12-15,22.6,0.0,18.2,1014.3,75.75
2017-12-16,24.2,0.0,16.1,1014.6,75.20833333333333
2017-12-17,25.7,0.0,19.3,1015.4,60.416666666666664
2017-12-18,25.0,0.0,14.5,1016.1,54.458333333333336
2017-12-19,24.5,0.0,17.4,1015.4,56.291666666666664
2017-12-20,23.9,0.0,17.6,1015.5,50.25
2017-12-21,23.3,0.0,19.5,1015.5,54.291666666666664
2017-12-22,23.3,0.0,18.2,1014.3,60.5
2017-12-23,23.0,0.0,16.2,1012.6,60.583333333333336
2017-12-24,23.2,0.0,16.3,1012.1,65.41666666666667
2017-12-25,23.3,0.0,15.8,1012.8,65.33333333333333
2017-12-26,23.9,0.0,15.6,1013.2,58.875
2017-12-27,23.1,0.0,16.6,1013.0,61.791666666666664
2017-12-28,22.7,0.0,15.0,1012.4,61.25
2017-12-29,22.9,0.0,13.9,1012.6,66.08333333333333
2017-12-30,22.6,0.0,13.5,1012.6,70.08333333333333
2017-12-31,22.5,0.0,14.7,1011.5,70.0
2018-01-01,22.4,0.0,15.5,1010.3,68.0
2018-01-02,21.5,0.0,16.4,1010.1,69.04166666666667
2018-01-03,22.3,0.0,17.4,1011.4,76.08333333333333
2018-01-04,22.7,0.0,16.4,1012.5,79.08333333333333
2018-01-05,22.6,0.0,17.8,1011.5,69.45833333333333
2018-01-06,21.9,0.0,16.4,1011.3,62.541666666666664
2018-01-07,21.4,0.0,18.9,1012.3,57.833333333333336
2018-01-08,21.1,0.0,18.5,1012.5,66.0
2018-01-09,23.2,0.0,14.5,1013.5,68.95833333333333
2018-01-10,24.2,0.0,17.2,1013.9,62.5
2018-01-11,25.3,0.0,12.7,1013.3,58.666666666666664
2018-01-12,25.7,0.0,17.5,1012.3,64.5
2018-01-13,26.3,0.0,17.7,1012.0,66.20833333333333
2018-01-14,26.2,0.0,15.3,1012.3,64.54166666666667
2018-01-15,26.6,0.0,16.3,1012.4,64.54166666666667
2018-01-16,26.7,0.0,14.3,1011.1,61.875
2018-01-17,25.6,0.0,19.7,1011.4,63.458333333333336
2018-01-18,25.5,0.0,18.8,1012.1,59.291666666666664
2018-01-19,24.9,0.0,22.0,1012.7,53.291666666666664
2018-01-20,24.1,0.0,15.5,1012.2,62.083333333333336
2018-01-21,23.8,0.0,14.8,1010.9,65.91666666666667
2018-01-22,23.4,0.0,15.8,1009.7,72.41666666666667
2018-01-23,22.8,0.0,22.0,1010.9,75.95833333333333
2018-01-24,22.0,0.0,19.4,1011.6,65.91666666666667
2018-01-25,22.4,0.0,16.6,1010.6,60.583333333333336
2018-01-26,22.4,0.0,17.9,1010.5,59.541666666666664
2018-01-27,22.2,0.0,16.7,1010.7,62.125
2018-01-28,22.4,0.0,19.9,1011.7,64.79166666666667
2018-01-29,23.1,0.0,17.6,1012.7,60.333333333333336
2018-01-30,24.7,0.0,18.3,1012.9,51.75
2018-01-31,24.3,0.0,17.3,1013.1,51.541666666666664
2018-02-01,23.8,0.0,15.5,1013.2,60.291666666666664
2018-02-02,23.6,0.0,18.9,1011.8,63.541666666666664
2018-02-03,24.3,0.0,20.9,1011.5,57.833333333333336
2018-02-04,24.3,0.0,17.1,1011.3,57.25
2018-02-05,23.9,0.0,18.1,1012.8,63.0
2018-02-06,24.4,0.0,18.6,1013.1,63.041666666666664
2018-02-07,24.8,0.0,16.2,1012.3,68.5
2018-02-08,23.8,0.0,16.6,1012.4,81.16666666666667
2018-02-09,23.2,0.0,14.6,1012.3,69.66666666666667
2018-02-10,23.3,0.0,19.8,1012.7,68.375
2018-02-11,23.1,0.1,20.7,1013.3,76.75
2018-02-12,22.2,0.0,17.3,1015.4,75.125
2018-02-13,23.1,0.0,22.5,1016.6,66.29166666666667
2018-02-14,25.7,0.0,19.7,1015.4,54.416666666666664
2018-02-15,27.5,0.0,18.1,1015.9,52.708333333333336
2018-02-16,26.7,0.0,19.8,1015.4,53.583333333333336
2018-02-17,25.8,0.0,20.7,1012.3,53.083333333333336
2018-02-18,25.3,0.0,19.5,1010.3,52.708333333333336
2018-02-19,25.3,0.0,19.1,1010.4,55.083333333333336
2018-02-20,25.6,0.0,20.4,1010.7,59.25
2018-02-21,25.6,0.0,22.4,1009.5,60.916666666666664
2018-02-22,26.4,0.0,22.1,1008.9,52.916666666666664
2018-02-23,25.6,0.0,17.6,1009.5,63.708333333333336
2018-02-24,26.2,0.0,20.3,1011.2,57.291666666666664
2018-02-25,27.7,0.0,20.1,1011.6,49.583333333333336
2018-02-26,26.6,0.0,17.1,1010.9,55.875
2018-02-27,27.3,0.0,16.6,1009.8,54.291666666666664
2018-02-28,27.1,0.0,15.8,1009.6,55.666666666666664
2018-03-01,26.7,0.0,15.9,1009.5,70.54166666666667
2018-03-02,27.0,0.0,21.1,1009.2,69.29166666666667
2018-03-03,27.2,0.0,21.2,1008.7,61.666666666666664
2018-03-04,26.2,0.0,19.7,1009.1,75.20833333333333
2018-03-05,26.4,0.0,25.0,1010.2,64.58333333333333
2018-03-06,27.5,0.0,24.3,1009.9,53.083333333333336
2018-03-07,27.0,0.0,20.2,1009.5,65.58333333333333
2018-03-08,25.3,0.0,25.0,1010.4,77.625
2018-03-09,26.1,0.0,25.2,1010.5,67.20833333333333
2018-03-10,26.9,0.0,24.5,1010.3,65.70833333333333
2018-03-11,27.9,0.0,22.7,1010.3,59.958333333333336
2018-03-12,27.7,0.0,25.5,1010.4,54.208333333333336
2018-03-13,27.6,0.0,24.7,1010.3,52.666666666666664
2018-03-14,27.9,0.0,29.3,1009.9,45.833333333333336
2018-03-15,26.4,0.0,16.9,1010.2,63.625
2018-03-16,26.7,0.0,16.6,1009.4,69.375
2018-03-17,27.0,0.0,20.6,1009.4,66.54166666666667
2018-03-18,26.9,0.0,18.1,1009.6,70.08333333333333
2018-03-19,26.7,0.3,20.4,1011.8,70.04166666666667
2018-03-20,26.1,0.0,16.6,1011.4,77.625
2018-03-21,26.0,0.0,25.0,1011.1,73.25
2018-03-22,25.0,0.0,21.6,1010.8,74.54166666666667
2018-03-23,24.9,0.0,19.8,1010.3,78.41666666666667
2018-03-24,25.8,0.0,20.1,1010.6,74.29166666666667
2018-03-25,28.4,0.0,20.9,1010.6,58.958333333333336
2018-03-26,29.2,0.0,21.3,1010.4,48.208333333333336
2018-03-27,27.2,0.0,19.1,1010.2,83.375
2018-03-28,27.0,0.0,17.7,1010.3,82.08333333333333
2018-03-29,26.6,0.0,20.6,1010.0,79.41666666666667
2018-03-30,26.8,0.0,18.5,1009.4,80.91666666666667
2018-03-31,27.0,0.0,18.9,1009.1,80.33333333333333
2018-04-01,26.6,0.0,23.9,1008.5,77.08333333333333
2018-04-02,26.8,0.0,24.9,1009.1,77.20833333333333
2018-04-03,27.0,0.0,24.1,1009.2,77.45833333333333
2018-04-04,27.2,0.0,24.1,1007.4,77.91666666666667
2018-04-05,27.7,0.0,22.5,1006.3,75.58333333333333
2018-04-06,27.7,0.0,21.6,1007.6,74.83333333333333
2018-04-07,27.4,0.0,21.2,1008.8,77.5
2018-04-08,27.8,0.0,18.3,1009.2,72.70833333333333
2018-04-09,27.1,0.0,22.7,1009.4,75.375
2018-04-10,27.1,0.0,22.4,1008.5,79.20833333333333
2018-04-11,27.5,0.0,17.6,1008.8,81.25
2018-04-12,27.6,0.0,21.3,1008.4,79.58333333333333
2018-04-13,27.5,0.0,20.3,1008.4,80.41666666666667
2018-04-14,27.8,0.0,21.3,1008.1,80.08333333333333
2018-04-15,28.1,0.0,21.0,1008.7,81.375
2018-04-16,28.7,0.0,25.5,1009.4,78.33333333333333
2018-04-17,30.1,0.1,22.2,1009.6,77.875
2018-04-18,29.8,0.0,17.6,1009.9,75.58333333333333
2018-04-19,29.7,0.0,20.7,1007.4,70.95833333333333
2018-04-20,29.4,0.0,17.0,1008.4,74.41666666666667
2018-04-21,28.8,0.0,22.9,1008.4,76.875
2018-04-22,28.7,0.0,21.8,1008.3,70.79166666666667
2018-04-23,28.1,0.0,19.2,1008.9,78.79166666666667
2018-04-24,28.4,0.0,21.6,1008.7,75.08333333333333
2018-04-25,28.1,0.0,23.9,1008.2,74.75
2018-04-26,27.4,0.0,19.8,1007.8,80.5
2018-04-27,27.7,0.0,21.9,1008.5,78.04166666666667
2018-04-28,28.1,0.0,24.5,1009.0,78.58333333333333
2018-04-29,28.7,0.0,19.8,1008.8,76.41666666666667
2018-04-30,28.2,0.0,17.8,1007.7,78.08333333333333
2018-05-01,28.4,0.0,18.4,1008.4,77.625
2018-05-02,28.2,0.0,18.8,1008.5,79.5
2018-05-03,28.7,0.0,19.1,1008.2,79.16666666666667
2018-05-04,28.9,0.1,18.4,1008.2,78.83333333333333
2018-05-05,29.0,0.0,18.4,1008.6,78.16666666666667
2018-05-06,29.0,0.0,19.2,1009.1,80.125
2018-05-07,29.3,0.0,18.2,1009.2,74.04166666666667
2018-05-08,29.0,0.0,20.7,1007.9,75.375
2018-05-09,29.2,0.0,23.3,1007.6,76.29166666666667
2018-05-10,29.5,0.0,19.1,1008.6,79.33333333333333
2018-05-11,29.8,0.0,19.6,1008.3,76.25
2018-05-12,29.5,0.0,17.6,1008.3,75.16666666666667
2018-05-13,29.3,0.0,19.7,1007.5,78.91666666666667
2018-05-14,29.6,0.0,18.0,1008.0,75.125
2018-05-15,29.5,0.0,17.8,1007.5,75.5
2018-05-16,29.7,0.0,21.1,1006.3,74.41666666666667
2018-05-17,30.0,0.0,22.2,1005.8,79.25
2018-05-18,29.9,0.0,19.7,1006.6,77.79166666666667
2018-05-19,29.7,0.0,17.9,1006.2,77.04166666666667
2018-05-20,29.6,0.0,22.9,1006.5,79.66666666666667
2018-05-21,29.7,0.0,19.9,1006.4,75.83333333333333
2018-05-22,29.4,0.0,18.9,1006.9,74.91666666666667
2018-05-23,29.3,0.0,16.3,1006.2,77.625
2018-05-24,30.0,0.0,20.0,1006.1,74.25
2018-05-25,29.9,0.0,20.1,1006.0,72.66666666666667
2018-05-26,30.4,0.0,22.2,1004.6,73.83333333333333
2018-05-27,30.4,0.4,19.6,1004.2,77.5
2018-05-28,30.3,0.0,22.8,1003.3,74.54166666666667
2018-05-29,30.2,1.0,21.3,1003.8,72.45833333333333
2018-05-30,30.3,0.4,17.8,1003.8,72.58333333333333
2018-05-31,30.3,0.4,18.1,1004.6,76.33333333333333
2018-06-01,30.1,3.6,23.6,1005.6,75.125
2018-06-02,29.9,3.3,20.5,1006.1,77.41666666666667
2018-06-03,29.8,3.9,16.9,1005.5,76.41666666666667
2018-06-04,29.5,4.3,19.6,1004.2,77.91666666666667
2018-06-05,29.5,0.3,19.3,1004.4,77.16666666666667
2018-06-06,29.8,5.6,15.8,1006.3,79.79166666666667
2018-06-07,28.7,19.3,17.3,1004.7,86.0
2018-06-08,28.7,10.7,14.8,1002.0,85.79166666666667
2018-06-09,27.9,21.1,20.0,1001.1,87.95833333333333
2018-06-10,28.4,17.1,26.3,1002.1,85.75
2018-06-11,29.0,5.4,29.5,1003.2,81.54166666666667
2018-06-12,29.0,3.1,25.5,1003.3,82.33333333333333
2018-06-13,29.0,3.8,27.9,1003.8,81.20833333333333
2018-06-14,28.6,8.0,21.6,1005.0,83.16666666666667
2018-06-15,27.3,7.9,21.8,1005.7,88.25
2018-06-16,26.6,10.3,21.4,1007.2,88.875
2018-06-17,26.5,21.9,23.7,1006.8,89.66666666666667
2018-06-18,26.7,27.7,22.3,1004.6,88.91666666666667
2018-06-19,27.6,3.1,15.7,1004.2,86.375
2018-06-20,29.0,1.1,20.9,1004.2,79.70833333333333
2018-06-21,28.9,1.4,24.7,1004.3,76.54166666666667
2018-06-22,28.3,5.4,17.1,1004.3,82.20833333333333
2018-06-23,26.7,41.0,14.1,1004.0,89.91666666666667
2018-06-24,26.8,49.3,26.6,1003.9,89.625
2018-06-25,26.5,41.8,21.9,1002.8,90.95833333333333
2018-06-26,27.4,11.6,26.4,1002.1,86.625
2018-06-27,27.8,6.8,25.8,1001.4,84.58333333333333
2018-06-28,26.4,12.6,21.5,1002.0,89.625
2018-06-29,26.4,9.7,22.6,1002.8,89.375
2018-06-30,26.5,6.8,29.4,1004.6,88.54166666666667
2018-07-01,26.8,7.0,25.7,1005.2,88.58333333333333
2018-07-02,26.4,23.2,25.6,1004.5,91.79166666666667
2018-07-03,26.3,35.1,26.4,1005.0,90.79166666666667
2018-07-04,26.2,39.4,30.8,1005.2,91.20833333333333
2018-07-05,26.4,20.4,26.6,1005.6,89.08333333333333
2018-07-06,26.2,10.5,20.0,1005.5,89.70833333333333
2018-07-07,25.5,39.3,17.1,1004.4,92.95833333333333
2018-07-08,25.9,52.9,23.8,1003.4,91.375
2018-07-09,25.9,43.0,20.2,1002.8,91.66666666666667
2018-07-10,26.3,26.8,22.3,1003.1,90.33333333333333
2018-07-11,26.3,18.6,24.2,1003.2,90.33333333333333
2018-07-12,26.0,26.1,25.5,1002.7,91.95833333333333
2018-07-13,26.1,32.7,24.3,1002.2,91.20833333333333
2018-07-14,26.2,16.8,24.0,1001.5,90.91666666666667
2018-07-15,26.1,37.7,31.0,1000.1,91.66666666666667
2018-07-16,26.1,43.8,29.2,1000.9,91.25
2018-07-17,25.9,25.4,29.4,1002.0,91.125
2018-07-18,26.4,10.7,30.4,1003.1,88.0
2018-07-19,26.5,9.0,23.5,1003.5,88.33333333333333
2018-07-20,25.9,20.2,23.5,1003.2,92.375
2018-07-21,26.5,13.2,28.8,1004.4,88.125
2018-07-22,26.4,9.4,27.5,1004.2,88.58333333333333
2018-07-23,26.9,5.2,28.1,1003.7,84.70833333333333
2018-07-24,26.7,6.8,27.8,1005.1,85.41666666666667
2018-07-25,26.9,4.1,27.6,1005.8,83.91666666666667
2018-07-26,26.7,3.6,28.7,1006.3,84.16666666666667
2018-07-27,26.9,6.2,31.2,1005.5,83.33333333333333
2018-07-28,27.1,2.8,27.5,1005.5,84.5
2018-07-29,27.2,3.2,26.1,1005.6,84.125
2018-07-30,27.2,6.6,25.2,1005.2,83.58333333333333
2018-07-31,27.0,4.4,25.7,1005.3,84.29166666666667
2018-08-01,26.8,7.0,26.1,1006.0,84.625
2018-08-02,26.9,4.2,24.1,1007.5,84.33333333333333
2018-08-03,26.5,6.8,25.6,1008.7,85.41666666666667
2018-08-04,25.8,16.3,26.5,1008.3,87.79166666666667
2018-08-05,26.6,4.7,27.9,1008.1,83.16666666666667
2018-08-06,26.6,6.4,30.1,1006.4,82.58333333333333
2018-08-07,26.7,6.0,28.6,1004.4,82.41666666666667
2018-08-08,26.6,5.7,26.5,1003.6,84.75
2018-08-09,26.0,8.4,26.1,1006.5,87.58333333333333
2018-08-10,26.2,7.7,23.3,1008.3,87.70833333333333
2018-08-11,26.3,7.4,27.6,1007.0,86.66666666666667
2018-08-12,26.2,9.4,31.0,1004.1,86.16666666666667
2018-08-13,26.5,8.1,30.0,1003.1,85.375
2018-08-14,26.6,5.9,28.5,1004.1,85.125
2018-08-15,26.5,7.0,26.3,1003.9,85.625
2018-08-16,25.9,15.1,27.3,1003.4,87.79166666666667
2018-08-17,25.9,17.7,31.3,1002.4,87.25
2018-08-18,25.6,11.9,24.5,1003.9,89.625
2018-08-19,26.1,6.6,23.9,1004.9,87.875
2018-08-20,25.6,17.6,22.6,1005.5,89.875
2018-08-21,25.0,28.5,22.2,1005.5,92.5
2018-08-22,25.2,20.8,23.2,1006.6,92.54166666666667
2018-08-23,26.2,4.9,24.6,1007.6,85.625
2018-08-24,26.0,6.0,23.7,1007.4,87.75
2018-08-25,25.8,10.6,27.2,1006.8,88.375
2018-08-26,25.7,11.4,27.9,1005.3,88.79166666666667
2018-08-27,25.2,8.3,21.1,1005.7,90.95833333333333
2018-08-28,25.2,4.9,15.0,1005.8,90.41666666666667
2018-08-29,25.7,5.5,20.4,1007.3,89.625
2018-08-30,25.8,3.7,18.4,1007.4,89.125
2018-08-31,26.1,4.6,20.0,1007.8,86.41666666666667
2018-09-01,25.6,6.4,20.6,1008.6,88.58333333333333
2018-09-02,26.2,7.4,25.3,1008.4,85.0
2018-09-03,26.1,5.4,21.7,1008.5,85.70833333333333
2018-09-04,26.0,4.5,22.5,1009.5,85.33333333333333
2018-09-05,26.1,2.9,20.5,1009.2,82.33333333333333
2018-09-06,26.1,2.0,18.0,1008.1,82.375
2018-09-07,25.9,2.2,17.4,1008.2,84.33333333333333
2018-09-08,25.8,2.9,17.7,1008.2,83.08333333333333
2018-09-09,25.8,3.1,18.4,1009.1,82.625
2018-09-10,26.0,1.2,15.2,1011.5,83.29166666666667
2018-09-11,25.8,0.9,17.3,1012.4,85.66666666666667
2018-09-12,25.8,1.5,16.1,1010.9,85.58333333333333
2018-09-13,25.8,2.0,13.5,1009.4,84.66666666666667
2018-09-14,25.9,3.5,14.5,1009.8,87.79166666666667
2018-09-15,26.2,3.0,13.0,1010.6,87.375
2018-09-16,26.5,2.3,17.6,1009.4,85.58333333333333
2018-09-17,26.4,0.7,17.6,1008.6,84.66666666666667
2018-09-18,26.2,1.9,15.7,1008.8,83.83333333333333
2018-09-19,26.0,7.5,13.8,1009.0,85.66666666666667
2018-09-20,27.0,6.3,20.4,1006.8,83.83333333333333
2018-09-21,27.2,4.7,19.7,1005.7,88.16666666666667
2018-09-22,27.5,2.1,21.7,1007.2,84.45833333333333
2018-09-23,27.0,1.6,16.5,1010.7,84.25
2018-09-24,26.8,2.7,14.5,1011.3,87.29166666666667
2018-09-25,26.8,0.0,16.8,1010.7,85.54166666666667
2018-09-26,27.1,0.0,18.6,1009.0,87.375
2018-09-27,28.2,0.1,14.8,1008.5,86.25
2018-09-28,28.3,6.3,8.8,1009.0,87.91666666666667
2018-09-29,28.7,0.0,15.0,1009.4,83.79166666666667
2018-09-30,29.2,0.0,12.4,1009.0,78.0
2018-10-01,29.1,0.0,11.8,1008.5,76.08333333333333
2018-10-02,29.4,0.1,12.2,1009.3,81.08333333333333
2018-10-03,28.9,1.5,12.9,1009.2,86.66666666666667
2018-10-04,29.3,0.2,10.7,1009.1,81.58333333333333
2018-10-05,29.5,0.8,11.8,1009.4,76.79166666666667
2018-10-06,29.6,0.0,13.6,1009.1,75.91666666666667
2018-10-07,29.6,0.0,14.1,1008.3,74.20833333333333
2018-10-08,29.1,0.0,13.7,1008.3,83.95833333333333
2018-10-09,28.7,1.5,17.6,1008.7,84.79166666666667
2018-10-10,28.6,0.7,17.7,1008.7,85.41666666666667
2018-10-11,28.6,0.0,17.4,1008.4,85.375
2018-10-12,28.6,0.0,15.1,1008.9,84.54166666666667
2018-10-13,29.4,0.0,15.3,1010.0,77.54166666666667
2018-10-14,28.5,0.0,16.1,1011.2,74.20833333333333
2018-10-15,28.5,0.0,15.7,1011.2,73.04166666666667
2018-10-16,28.4,0.0,14.2,1011.4,71.375
2018-10-17,27.8,6.8,14.5,1011.7,85.25
2018-10-18,27.5,0.3,14.3,1011.4,84.16666666666667
2018-10-19,28.6,0.0,15.6,1011.1,82.29166666666667
2018-10-20,29.0,0.0,11.9,1011.9,77.41666666666667
2018-10-21,28.7,0.0,14.8,1012.7,82.58333333333333
2018-10-22,29.0,0.0,13.5,1012.1,76.58333333333333
2018-10-23,28.7,0.0,18.3,1011.8,59.083333333333336
2018-10-24,27.9,0.0,18.6,1011.3,58.458333333333336
2018-10-25,28.5,0.0,17.3,1012.2,71.0
2018-10-26,29.1,0.0,18.9,1013.4,66.33333333333333
2018-10-27,28.7,0.0,17.5,1013.4,60.5
2018-10-28,28.5,0.0,20.0,1012.3,53.875
2018-10-29,28.5,0.0,22.8,1011.5,39.541666666666664
2018-10-30,27.7,0.0,18.6,1010.8,45.333333333333336
2018-10-31,27.2,0.0,19.8,1010.8,53.708333333333336
2018-11-01,27.7,0.0,22.8,1010.5,63.458333333333336
2018-11-02,28.6,0.0,15.6,1010.0,63.875
2018-11-03,28.4,0.0,13.4,1010.5,68.29166666666667
2018-11-04,29.0,0.0,16.4,1011.0,74.5
2018-11-05,28.9,0.5,12.6,1011.6,72.625
2018-11-06,29.5,0.0,18.3,1011.7,68.29166666666667
2018-11-07,29.2,0.0,20.0,1011.8,46.541666666666664
2018-11-08,27.0,0.0,17.1,1011.3,60.5
2018-11-09,27.9,0.0,16.0,1010.4,67.95833333333333
2018-11-10,28.0,0.0,17.5,1011.2,62.916666666666664
2018-11-11,27.3,0.0,16.9,1012.0,63.583333333333336
2018-11-12,26.6,0.0,17.0,1011.2,62.75
2018-11-13,26.1,0.0,15.3,1009.9,71.375
2018-11-14,25.6,0.0,19.4,1010.1,80.75
2018-11-15,26.6,0.0,17.9,1011.3,67.20833333333333
2018-11-16,27.0,0.0,20.1,1011.5,51.625
2018-11-17,26.4,0.0,16.3,1010.5,56.166666666666664
2018-11-18,26.4,0.0,18.3,1010.7,70.5
2018-11-19,26.9,0.0,15.9,1012.4,77.83333333333333
2018-11-20,27.4,0.0,14.5,1013.2,78.33333333333333
2018-11-21,27.7,0.0,16.4,1012.9,72.04166666666667
2018-11-22,28.5,0.0,18.8,1012.8,65.33333333333333
2018-11-23,28.1,0.0,18.8,1014.3,60.25
2018-11-24,27.3,0.0,17.6,1015.0,59.25
2018-11-25,26.6,0.0,15.9,1014.1,65.95833333333333
2018-11-26,26.6,0.0,16.0,1012.1,63.958333333333336
2018-11-27,26.6,0.0,15.1,1012.1,60.583333333333336
2018-11-28,26.4,0.0,14.3,1012.9,57.875
2018-11-29,25.6,0.0,14.4,1014.4,59.083333333333336
2018-11-30,25.9,0.0,15.8,1014.4,55.833333333333336
2018-12-01,25.2,0.0,13.4,1012.3,57.208333333333336
2018-12-02,24.7,0.0,14.3,1010.6,62.166666666666664
2018-12-03,24.8,0.0,13.4,1011.1,66.79166666666667
2018-12-04,25.9,0.0,13.4,1012.3,63.75
2018-12-05,25.8,0.0,14.8,1011.7,67.54166666666667
2018-12-06,25.5,0.0,17.6,1010.9,67.20833333333333
2018-12-07,25.0,0.0,17.7,1011.1,69.54166666666667
2018-12-08,25.3,0.0,17.1,1012.0,63.916666666666664
2018-12-09,24.0,0.0,19.6,1011.6,59.083333333333336
2018-12-10,23.2,0.0,20.2,1012.1,60.666666666666664
2018-12-11,23.3,0.0,19.6,1012.7,66.75
2018-12-12,23.8,0.0,17.6,1013.4,74.16666666666667
2018-12-13,24.3,0.0,28.0,1014.2,57.625
2018-12-14,25.5,0.0,21.2,1013.8,44.416666666666664
2018-12-15,26.1,0.0,19.0,1013.8,46.333333333333336
2018-12-16,25.5,0.0,20.2,1014.1,50.333333333333336
2018-12-17,23.3,0.0,21.9,1013.6,50.666666666666664
2018-12-18,23.4,0.0,20.6,1014.3,57.833333333333336
2018-12-19,22.3,0.0,16.2,1014.6,60.833333333333336
2018-12-20,22.1,0.0,14.8,1014.3,58.666666666666664
2018-12-21,22.8,0.0,12.8,1013.2,65.91666666666667
2018-12-22,23.5,0.0,14.6,1012.8,63.333333333333336
2018-12-23,23.6,0.0,16.3,1012.9,63.916666666666664
2018-12-24,24.2,0.0,16.6,1012.9,64.45833333333333
2018-12-25,24.1,0.0,15.9,1012.9,65.625
2018-12-26,23.1,0.0,22.7,1013.7,46.458333333333336
2018-12-27,21.9,0.0,18.5,1013.8,42.541666666666664
2018-12-28,21.6,0.0,19.3,1012.8,45.375
2018-12-29,22.1,0.0,17.9,1014.3,40.833333333333336
2018-12-30,22.0,0.0,14.6,1015.8,43.625
2018-12-31,22.0,0.0,13.9,1016.9,47.041666666666664
2019-01-01,21.6,0.0,13.9,1017.2,56.333333333333336
2019-01-02,22.4,0.0,17.9,1016.8,52.708333333333336
2019-01-03,21.7,0.0,13.0,1017.4,58.041666666666664
2019-01-04,21.8,0.0,16.3,1016.1,64.875
2019-01-05,22.2,0.0,15.6,1014.8,64.16666666666667
2019-01-06,22.4,0.0,23.7,1014.0,58.041666666666664
2019-01-07,23.2,0.0,20.3,1013.5,48.291666666666664
2019-01-08,22.2,0.0,17.1,1014.0,49.875
2019-01-09,20.7,0.0,16.8,1013.7,63.458333333333336
2019-01-10,21.6,0.0,14.5,1012.7,62.125
2019-01-11,21.8,0.0,16.3,1013.2,65.33333333333333
2019-01-12,21.3,0.0,17.1,1013.6,70.70833333333333
2019-01-13,21.6,0.0,19.6,1014.2,59.708333333333336
2019-01-14,22.9,0.0,18.7,1013.3,53.541666666666664
2019-01-15,23.8,0.0,18.1,1013.8,54.541666666666664
2019-01-16,23.6,0.0,15.6,1013.8,62.041666666666664
2019-01-17,23.1,0.0,17.1,1013.0,64.0
2019-01-18,22.3,0.0,15.3,1012.7,64.58333333333333
2019-01-19,23.5,0.0,13.8,1013.5,67.79166666666667
2019-01-20,24.0,0.0,14.0,1014.1,70.33333333333333
2019-01-21,23.1,0.0,16.6,1013.3,76.16666666666667
2019-01-22,22.5,0.0,11.9,1013.8,81.04166666666667
2019-01-23,22.0,0.2,22.4,1014.8,75.5
2019-01-24,21.3,0.0,22.9,1014.9,64.79166666666667
2019-01-25,21.2,0.0,26.7,1014.9,46.416666666666664
2019-01-26,21.4,0.0,27.4,1015.0,47.125
2019-01-27,22.7,0.0,27.4,1015.3,46.583333333333336
2019-01-28,22.6,0.0,22.5,1016.2,41.875
2019-01-29,22.7,0.0,19.7,1016.0,39.708333333333336
2019-01-30,21.9,0.0,14.7,1015.1,54.5
2019-01-31,21.8,0.0,16.6,1014.2,61.708333333333336
2019-02-01,22.0,0.0,17.3,1014.0,66.95833333333333
2019-02-02,22.0,0.0,22.0,1013.0,60.583333333333336
2019-02-03,22.5,0.0,15.6,1013.6,67.33333333333333
2019-02-04,23.9,0.0,18.4,1015.0,65.04166666666667
2019-02-05,23.6,0.0,18.0,1015.1,76.91666666666667
2019-02-06,22.9,0.0,19.6,1013.0,74.58333333333333
2019-02-07,21.6,0.0,22.1,1014.6,71.66666666666667
2019-02-08,19.5,0.0,24.6,1016.8,62.916666666666664
2019-02-09,20.3,0.0,23.2,1015.4,46.916666666666664
2019-02-10,20.7,0.0,13.8,1014.6,45.25
2019-02-11,23.2,0.0,15.1,1014.3,53.541666666666664
2019-02-12,25.5,0.0,10.9,1014.6,48.833333333333336
2019-02-13,24.9,0.0,21.5,1015.8,56.958333333333336
2019-02-14,24.2,0.0,22.9,1013.9,63.958333333333336
2019-02-15,23.1,0.0,19.4,1014.3,69.875
2019-02-16,21.7,0.0,19.9,1014.8,69.58333333333333
2019-02-17,21.8,0.0,18.7,1013.5,66.29166666666667
2019-02-18,22.5,0.0,19.2,1011.3,67.45833333333333
2019-02-19,23.1,0.0,19.6,1011.5,66.83333333333333
2019-02-20,23.6,0.0,14.8,1013.0,76.20833333333333
2019-02-21,23.9,0.0,23.7,1015.9,82.04166666666667
2019-02-22,25.1,0.0,20.5,1014.5,70.54166666666667
2019-02-23,26.2,0.0,18.4,1011.7,58.958333333333336
2019-02-24,25.3,0.0,26.6,1010.8,57.791666666666664
2019-02-25,24.3,0.0,21.9,1010.6,64.33333333333333
2019-02-26,24.5,0.0,19.7,1010.6,70.54166666666667
2019-02-27,23.0,0.0,17.4,1010.4,77.70833333333333
2019-02-28,23.6,0.0,23.4,1011.2,65.91666666666667
2019-03-01,23.2,0.0,18.0,1010.3,60.916666666666664
2019-03-02,24.1,0.0,16.5,1010.0,74.125
2019-03-03,23.9,0.0,16.1,1011.5,82.54166666666667
2019-03-04,23.7,0.0,18.2,1010.6,84.16666666666667
2019-03-05,23.8,0.0,16.3,1010.3,77.58333333333333
2019-03-06,23.1,0.0,20.5,1011.7,76.16666666666667
2019-03-07,23.2,0.0,22.1,1010.8,75.33333333333333
2019-03-08,24.4,0.0,22.7,1012.0,69.25
2019-03-09,25.6,0.0,21.5,1012.8,62.208333333333336
2019-03-10,25.2,0.0,18.9,1012.4,65.29166666666667
2019-03-11,24.4,0.0,22.0,1013.6,78.125
2019-03-12,24.2,0.0,17.9,1013.8,78.45833333333333
2019-03-13,24.1,0.0,21.2,1014.4,75.08333333333333
2019-03-14,24.3,0.0,24.8,1014.3,68.54166666666667
2019-03-15,25.9,0.0,22.4,1013.1,51.0
2019-03-16,25.0,0.0,18.6,1011.8,57.166666666666664
2019-03-17,24.6,0.0,16.2,1012.2,72.83333333333333
2019-03-18,25.3,0.0,19.7,1011.6,62.625
2019-03-19,25.4,0.0,20.1,1010.1,61.791666666666664
2019-03-20,24.9,0.0,22.6,1010.2,78.66666666666667
2019-03-21,24.5,0.0,18.4,1012.1,79.16666666666667
2019-03-22,24.3,0.0,21.9,1012.7,77.79166666666667
2019-03-23,26.8,0.0,21.7,1011.5,60.041666666666664
2019-03-24,28.7,0.0,22.2,1009.7,48.208333333333336
2019-03-25,29.0,0.0,24.4,1009.1,47.708333333333336
2019-03-26,28.9,0.0,21.3,1010.5,48.958333333333336
2019-03-27,26.9,0.0,18.2,1012.7,75.66666666666667
2019-03-28,26.2,0.0,20.7,1011.7,77.04166666666667
2019-03-29,27.2,0.0,21.9,1009.7,70.95833333333333
2019-03-30,26.9,0.0,19.1,1009.6,78.125
2019-03-31,27.3,0.0,16.8,1010.8,76.58333333333333
2019-04-01,26.4,0.0,16.5,1011.1,76.79166666666667
2019-04-02,25.9,0.0,17.7,1010.5,81.41666666666667
2019-04-03,26.8,0.0,21.3,1009.6,79.66666666666667
2019-04-04,27.1,0.0,23.4,1010.5,82.5
2019-04-05,27.3,0.0,16.0,1011.9,79.41666666666667
2019-04-06,27.1,0.0,19.1,1011.5,79.875
2019-04-07,27.1,0.0,18.0,1009.9,79.16666666666667
2019-04-08,27.1,0.0,18.3,1008.8,79.95833333333333
2019-04-09,27.3,0.0,16.2,1009.9,82.04166666666667
2019-04-10,27.2,0.0,19.5,1010.3,82.0
2019-04-11,27.7,0.0,17.6,1009.8,80.29166666666667
2019-04-12,28.0,0.0,21.3,1009.1,78.29166666666667
2019-04-13,28.8,0.0,26.5,1008.6,68.04166666666667
2019-04-14,28.8,0.0,20.5,1009.0,72.54166666666667
2019-04-15,29.2,0.0,17.4,1008.8,73.83333333333333
2019-04-16,28.6,0.0,15.5,1008.9,78.45833333333333
2019-04-17,27.7,0.2,21.4,1011.0,61.041666666666664
2019-04-18,27.1,0.0,27.2,1010.8,69.58333333333333
2019-04-19,28.0,0.0,24.8,1008.6,70.0
2019-04-20,27.4,0.0,17.6,1007.1,75.75
2019-04-21,27.6,0.0,16.7,1007.3,74.5
2019-04-22,27.7,0.0,19.0,1007.6,75.875
2019-04-23,27.9,0.0,22.9,1008.6,77.45833333333333
2019-04-24,28.1,0.0,28.3,1009.2,76.875
2019-04-25,28.9,0.0,26.5,1009.0,72.75
2019-04-26,29.1,0.0,27.5,1007.3,74.08333333333333
2019-04-27,30.5,0.0,25.1,1006.1,68.5
2019-04-28,30.2,0.0,22.3,1006.3,72.0
2019-04-29,29.1,0.0,21.1,1007.2,79.33333333333333
2019-04-30,28.7,0.0,18.3,1007.1,78.125
2019-05-01,28.0,0.0,16.1,1006.5,77.625
2019-05-02,27.7,0.0,18.8,1006.7,75.29166666666667
2019-05-03,27.8,0.0,17.7,1008.1,72.58333333333333
2019-05-04,28.7,0.8,18.6,1010.2,69.41666666666667
2019-05-05,28.5,0.0,18.2,1011.7,73.16666666666667
2019-05-06,28.3,0.0,22.3,1009.6,77.66666666666667
2019-05-07,28.4,0.0,18.7,1009.2,79.16666666666667
2019-05-08,28.8,0.1,20.7,1010.3,69.29166666666667
2019-05-09,28.6,0.0,18.3,1009.8,68.16666666666667
2019-05-10,28.6,0.0,17.7,1009.2,72.54166666666667
2019-05-11,28.4,0.0,21.1,1009.9,72.79166666666667
2019-05-12,28.3,0.0,19.9,1009.2,75.95833333333333
2019-05-13,28.9,0.0,20.2,1008.4,74.45833333333333
2019-05-14,28.5,0.0,20.3,1008.6,77.16666666666667
2019-05-15,28.6,0.0,21.8,1009.3,75.79166666666667
2019-05-16,28.3,0.0,21.4,1010.2,77.83333333333333
2019-05-17,28.6,0.0,24.2,1010.2,78.75
2019-05-18,29.0,0.0,24.5,1009.0,78.91666666666667
2019-05-19,29.3,0.0,25.0,1008.5,78.125
2019-05-20,29.2,0.0,26.4,1008.5,79.83333333333333
2019-05-21,29.6,0.0,22.2,1008.1,81.16666666666667
2019-05-22,29.2,0.0,22.0,1008.2,79.33333333333333
2019-05-23,29.4,0.0,22.0,1007.6,78.91666666666667
2019-05-24,29.6,0.0,22.3,1008.5,75.875
2019-05-25,29.5,0.0,18.4,1007.9,75.33333333333333
2019-05-26,29.4,0.0,18.2,1007.1,73.125
2019-05-27,29.8,0.0,22.1,1006.8,73.45833333333333
2019-05-28,29.6,0.0,19.7,1006.6,75.45833333333333
2019-05-29,29.4,0.0,20.5,1005.9,76.58333333333333
2019-05-30,29.6,0.0,18.8,1005.6,75.20833333333333
2019-05-31,29.7,0.0,19.5,1005.5,72.83333333333333
2019-06-01,30.2,0.1,17.7,1006.9,70.66666666666667
2019-06-02,30.4,0.0,18.0,1006.5,70.20833333333333
2019-06-03,30.3,0.0,20.2,1006.9,71.20833333333333
2019-06-04,30.1,0.7,18.4,1006.5,70.29166666666667
2019-06-05,30.1,0.3,21.9,1005.8,71.83333333333333
2019-06-06,30.4,0.0,18.1,1005.9,72.125
2019-06-07,30.3,0.3,18.8,1006.1,72.91666666666667
2019-06-08,30.7,0.1,20.2,1005.5,75.125
2019-06-09,30.6,0.3,17.0,1004.5,75.79166666666667
2019-06-10,30.2,1.1,16.2,1003.2,77.5
2019-06-11,30.0,1.6,19.1,1001.0,75.45833333333333
2019-06-12,27.8,20.3,38.9,1000.1,84.54166666666667
2019-06-13,27.2,12.9,35.2,1002.3,89.0
2019-06-14,27.1,11.1,30.8,1003.5,88.58333333333333
2019-06-15,27.3,11.7,30.6,1004.6,88.875
2019-06-16,27.6,5.6,29.8,1006.1,88.20833333333333
2019-06-17,27.4,4.7,26.0,1006.8,88.08333333333333
2019-06-18,27.1,9.1,28.8,1004.8,90.75
2019-06-19,27.6,7.8,23.8,1004.0,88.04166666666667
2019-06-20,28.3,1.9,14.6,1005.0,85.125
2019-06-21,28.2,1.3,15.3,1004.8,85.95833333333333
2019-06-22,28.5,1.4,16.9,1004.2,82.29166666666667
2019-06-23,28.4,2.5,13.2,1003.3,82.66666666666667
2019-06-24,27.8,5.8,12.5,1004.3,85.29166666666667
2019-06-25,28.1,9.0,13.6,1005.1,85.375
2019-06-26,27.7,15.3,20.5,1005.1,88.0
2019-06-27,27.1,24.1,19.1,1004.2,90.08333333333333
2019-06-28,26.8,73.1,24.2,1003.5,90.75
2019-06-29,26.4,73.6,24.9,1003.8,91.45833333333333
2019-06-30,26.3,33.4,16.8,1004.2,91.25
2019-07-01,26.0,36.6,15.5,1003.3,92.75
2019-07-02,26.6,26.3,18.8,1003.5,90.33333333333333
2019-07-03,26.4,15.2,17.8,1003.9,92.29166666666667
2019-07-04,26.9,21.5,21.5,1003.4,90.91666666666667
2019-07-05,26.5,15.9,24.6,1002.2,91.91666666666667
2019-07-06,26.2,20.2,25.4,1001.9,91.58333333333333
2019-07-07,26.6,19.6,26.1,1002.7,90.83333333333333
2019-07-08,26.7,15.3,24.2,1004.0,91.04166666666667
2019-07-09,26.6,14.0,27.7,1003.4,90.41666666666667
2019-07-10,26.4,33.0,27.6,1003.7,91.0
2019-07-11,26.4,17.4,23.5,1005.8,90.45833333333333
2019-07-12,26.5,6.2,26.4,1006.9,91.08333333333333
2019-07-13,26.6,5.0,19.9,1007.9,91.75
2019-07-14,26.9,5.6,19.5,1007.2,89.83333333333333
2019-07-15,27.2,5.1,22.2,1005.9,88.0
2019-07-16,26.7,6.4,17.1,1006.7,90.41666666666667
2019-07-17,26.7,7.4,16.5,1006.7,89.33333333333333
2019-07-18,27.0,4.1,14.8,1005.1,89.16666666666667
2019-07-19,27.4,2.4,14.2,1003.3,87.125
2019-07-20,27.4,20.1,13.5,1002.4,88.54166666666667
2019-07-21,27.1,84.9,14.5,1001.1,88.66666666666667
2019-07-22,27.7,5.1,19.5,1000.3,87.70833333333333
2019-07-23,27.3,12.5,33.1,1001.2,89.04166666666667
2019-07-24,26.5,197.7,31.5,1003.5,91.33333333333333
2019-07-25,26.7,25.6,20.9,1006.2,90.625
2019-07-26,26.4,28.4,23.5,1005.4,90.125
2019-07-27,26.0,38.2,26.3,1005.2,91.125
2019-07-28,26.6,11.3,26.3,1005.1,88.04166666666667
2019-07-29,25.9,30.6,27.0,1004.5,90.91666666666667
2019-07-30,25.9,68.6,30.1,1005.2,90.29166666666667
2019-07-31,26.1,31.8,28.2,1006.3,89.95833333333333
2019-08-01,26.6,15.7,27.7,1005.7,86.66666666666667
2019-08-02,26.3,28.3,31.6,1004.6,89.20833333333333
2019-08-03,25.7,91.9,33.7,1003.7,92.25
2019-08-04,26.1,100.3,34.2,1003.1,90.29166666666667
2019-08-05,25.9,59.2,28.4,1002.9,92.125
2019-08-06,26.2,40.6,29.6,1002.9,90.58333333333333
2019-08-07,26.6,20.5,31.4,1001.7,88.79166666666667
2019-08-08,26.7,13.6,33.4,1000.3,88.375
2019-08-09,26.8,11.9,36.0,1000.4,87.08333333333333
2019-08-10,26.9,9.6,38.0,1002.0,85.375
2019-08-11,26.5,14.0,33.7,1004.3,87.375
2019-08-12,26.6,5.3,21.2,1005.4,87.75
2019-08-13,26.8,4.2,18.6,1005.4,88.75
2019-08-14,26.6,8.2,17.6,1006.3,90.375
2019-08-15,26.4,11.6,21.1,1007.1,89.79166666666667
2019-08-16,26.6,7.4,23.4,1006.5,88.0
2019-08-17,26.9,3.5,21.7,1006.2,86.125
2019-08-18,26.8,2.4,17.3,1007.9,86.45833333333333
2019-08-19,26.7,3.3,15.3,1008.8,88.0
2019-08-20,26.9,2.3,15.2,1008.8,87.04166666666667
2019-08-21,26.5,5.0,14.0,1008.2,89.20833333333333
2019-08-22,26.2,5.3,14.4,1007.6,89.45833333333333
2019-08-23,26.2,5.7,15.4,1007.5,89.45833333333333
2019-08-24,26.0,7.2,14.5,1007.2,90.75
2019-08-25,26.1,3.3,14.2,1006.1,88.83333333333333
2019-08-26,26.4,4.6,17.7,1005.8,86.875
2019-08-27,26.1,6.5,19.0,1004.9,90.375
2019-08-28,26.3,3.9,19.4,1004.9,90.125
2019-08-29,26.7,3.8,19.3,1005.4,89.70833333333333
2019-08-30,26.7,13.1,15.1,1004.0,90.0
2019-08-31,26.4,24.1,18.4,1002.8,90.875
2019-09-01,26.7,15.7,20.2,1003.6,89.16666666666667
2019-09-02,26.7,13.2,19.2,1005.0,90.41666666666667
2019-09-03,26.1,33.0,18.3,1004.6,91.75
2019-09-04,25.9,84.3,22.1,1002.8,92.66666666666667
2019-09-05,26.2,42.4,26.6,1002.0,90.625
2019-09-06,26.2,43.7,24.8,1002.5,91.66666666666667
2019-09-07,26.4,39.8,23.3,1002.8,90.625
2019-09-08,26.3,43.8,24.2,1004.2,91.5
2019-09-09,26.7,25.2,22.9,1004.3,90.375
2019-09-10,26.5,16.8,21.5,1004.4,91.54166666666667
2019-09-11,26.5,8.2,17.7,1007.0,90.58333333333333
2019-09-12,26.0,13.7,18.6,1008.5,90.66666666666667
2019-09-13,25.7,37.2,18.4,1008.9,91.95833333333333
2019-09-14,26.2,13.0,17.0,1008.5,91.08333333333333
2019-09-15,26.1,10.4,16.2,1009.1,90.5
2019-09-16,26.4,5.7,17.4,1008.1,90.45833333333333
2019-09-17,26.9,3.7,18.8,1007.0,87.33333333333333
2019-09-18,26.7,16.5,18.1,1007.0,90.83333333333333
2019-09-19,26.1,38.9,13.7,1005.7,91.29166666666667
2019-09-20,26.4,6.3,24.9,1005.4,89.25
2019-09-21,26.7,13.0,32.0,1005.1,87.375
2019-09-22,26.9,1.1,26.0,1006.8,87.0
2019-09-23,27.1,0.9,15.6,1008.6,87.70833333333333
2019-09-24,27.2,3.5,20.4,1008.0,88.91666666666667
2019-09-25,26.5,26.5,13.6,1007.2,90.875
2019-09-26,26.6,21.0,22.9,1008.3,90.125
2019-09-27,26.1,18.0,26.5,1011.6,89.08333333333333
2019-09-28,26.4,5.4,23.5,1011.2,88.04166666666667
2019-09-29,26.7,4.4,24.7,1011.5,87.70833333333333
2019-09-30,26.5,6.8,16.8,1011.2,90.04166666666667
2019-10-01,26.9,2.0,13.5,1011.4,88.875
2019-10-02,27.0,1.0,14.3,1012.0,87.20833333333333
2019-10-03,27.0,0.4,15.8,1011.0,88.41666666666667
2019-10-04,27.0,3.5,12.8,1010.9,89.625
2019-10-05,27.1,4.3,14.0,1009.8,88.875
2019-10-06,27.3,0.5,9.9,1010.1,86.66666666666667
2019-10-07,27.5,5.0,15.2,1010.8,87.95833333333333
2019-10-08,28.1,5.8,14.8,1009.9,86.95833333333333
2019-10-09,27.9,1.7,13.3,1009.4,84.58333333333333
2019-10-10,28.4,0.0,12.0,1009.4,85.375
2019-10-11,28.4,3.7,13.6,1009.4,83.25
2019-10-12,27.7,7.3,14.0,1009.9,87.83333333333333
2019-10-13,27.9,4.1,13.2,1010.7,85.95833333333333
2019-10-14,28.9,0.0,15.9,1010.9,79.70833333333333
2019-10-15,28.8,0.0,17.8,1010.5,70.875
2019-10-16,28.2,0.0,15.6,1010.3,69.16666666666667
2019-10-17,28.3,0.0,16.5,1010.1,67.66666666666667
2019-10-18,27.8,1.1,9.4,1009.9,76.08333333333333
2019-10-19,25.9,18.4,10.3,1011.2,88.04166666666667
2019-10-20,25.2,32.4,12.2,1011.2,91.58333333333333
2019-10-21,26.4,16.2,10.7,1009.5,86.29166666666667
2019-10-22,26.0,23.8,12.3,1008.4,89.20833333333333
2019-10-23,25.2,92.5,8.7,1006.9,91.70833333333333
2019-10-24,26.5,11.9,11.7,1005.7,88.29166666666667
2019-10-25,26.2,12.4,22.4,1004.3,83.41666666666667
2019-10-26,25.7,12.9,20.3,1006.0,87.625
2019-10-27,26.6,0.2,14.2,1008.8,83.25
2019-10-28,26.4,3.6,13.3,1010.4,84.58333333333333
2019-10-29,27.0,1.6,9.7,1010.9,84.375
2019-10-30,27.9,0.4,9.5,1010.1,83.04166666666667
2019-10-31,28.4,0.6,12.4,1008.7,73.125
2019-11-01,27.3,12.8,19.0,1008.2,80.70833333333333
2019-11-02,26.8,0.3,17.3,1010.7,84.25
2019-11-03,26.7,0.0,10.8,1013.2,85.0
2019-11-04,26.8,0.0,17.4,1013.8,87.83333333333333
2019-11-05,27.3,0.1,14.1,1011.6,86.04166666666667
2019-11-06,26.7,0.0,16.6,1009.3,86.29166666666667
2019-11-07,26.8,3.3,22.9,1008.7,84.79166666666667
2019-11-08,26.0,3.6,20.3,1009.8,85.95833333333333
2019-11-09,26.0,1.9,11.9,1010.7,86.16666666666667
2019-11-10,26.0,0.0,15.1,1011.0,88.79166666666667
2019-11-11,26.4,0.0,12.6,1010.3,84.91666666666667
2019-11-12,26.7,0.0,10.9,1010.9,81.125
2019-11-13,27.4,0.0,11.6,1011.9,77.29166666666667
2019-11-14,26.5,0.0,11.6,1012.1,71.875
2019-11-15,26.4,0.0,12.7,1011.7,73.20833333333333
2019-11-16,27.3,0.0,12.1,1011.7,77.66666666666667
2019-11-17,28.2,0.0,14.3,1012.5,72.66666666666667
2019-11-18,27.2,0.0,18.3,1012.4,67.54166666666667
2019-11-19,26.5,0.0,17.2,1011.6,68.70833333333333
2019-11-20,26.2,0.0,14.8,1010.7,74.83333333333333
2019-11-21,27.2,0.0,11.9,1011.5,71.58333333333333
2019-11-22,27.3,0.0,15.6,1013.0,71.20833333333333
2019-11-23,27.1,0.0,16.1,1012.8,70.375
2019-11-24,26.9,0.0,14.7,1012.0,70.375
2019-11-25,26.4,0.0,15.0,1011.3,71.08333333333333
2019-11-26,26.2,0.0,17.0,1010.4,71.04166666666667
2019-11-27,26.7,0.0,14.8,1010.8,69.33333333333333
2019-11-28,26.9,0.0,14.5,1011.3,68.41666666666667
2019-11-29,27.1,0.0,16.2,1011.8,69.125
2019-11-30,27.5,0.0,15.9,1011.4,71.91666666666667
2019-12-01,27.5,0.0,15.2,1011.6,70.375
2019-12-02,28.0,0.0,13.6,1011.3,64.91666666666667
2019-12-03,27.7,0.1,14.2,1011.6,66.54166666666667
2019-12-04,27.4,0.0,11.6,1012.5,70.95833333333333
2019-12-05,27.6,3.4,16.4,1014.1,74.125
2019-12-06,28.0,0.0,19.5,1013.5,61.25
2019-12-07,26.4,0.0,17.7,1012.7,61.166666666666664
2019-12-08,26.0,0.0,14.7,1013.1,64.375
2019-12-09,26.5,0.0,14.7,1012.8,68.91666666666667
2019-12-10,26.6,0.0,14.7,1011.7,74.66666666666667
2019-12-11,26.1,0.0,13.7,1010.7,77.16666666666667
2019-12-12,25.6,0.0,15.0,1010.6,73.91666666666667
2019-12-13,24.6,0.0,20.8,1012.6,78.125
2019-12-14,24.1,0.0,19.9,1014.5,67.0
2019-12-15,24.2,0.0,17.2,1013.3,64.75
2019-12-16,24.8,0.0,19.1,1012.7,70.41666666666667
2019-12-17,25.4,0.0,18.1,1013.4,70.58333333333333
2019-12-18,25.8,0.0,16.8,1014.1,65.58333333333333
2019-12-19,25.3,0.0,17.4,1013.0,67.16666666666667
2019-12-20,25.2,0.0,14.9,1012.0,70.5
2019-12-21,25.6,0.0,15.7,1011.6,71.54166666666667
2019-12-22,26.3,0.0,13.0,1011.2,64.79166666666667
2019-12-23,26.5,0.0,10.9,1011.0,70.33333333333333
2019-12-24,26.1,0.0,12.0,1012.1,76.04166666666667
2019-12-25,26.7,0.1,20.0,1012.3,69.70833333333333
2019-12-26,25.7,0.8,19.4,1012.4,64.20833333333333
2019-12-27,24.2,0.0,19.4,1011.4,68.95833333333333
2019-12-28,24.8,0.0,20.0,1011.0,65.875
2019-12-29,24.7,0.1,16.3,1011.8,68.375
2019-12-30,23.6,0.0,19.0,1011.8,74.91666666666667
2019-12-31,22.4,0.0,19.1,1013.1,64.33333333333333
2020-01-01,20.9,0.0,13.2,1013.7,75.45833333333333
2020-01-02,21.9,0.0,16.1,1015.8,76.54166666666667
2020-01-03,21.8,0.0,23.5,1015.2,74.625
2020-01-04,21.6,0.0,21.4,1013.5,67.04166666666667
2020-01-05,23.1,0.0,16.8,1012.7,65.5
2020-01-06,24.6,0.0,17.1,1013.4,63.166666666666664
2020-01-07,23.9,0.0,18.9,1012.9,76.29166666666667
2020-01-08,23.8,0.0,17.3,1013.1,75.54166666666667
2020-01-09,22.6,0.0,23.4,1013.5,58.791666666666664
2020-01-10,23.7,0.0,19.1,1012.5,60.916666666666664
2020-01-11,25.3,0.0,15.5,1013.1,65.58333333333333
2020-01-12,24.8,0.0,17.3,1013.2,73.04166666666667
2020-01-13,23.9,0.4,17.0,1012.2,84.45833333333333
2020-01-14,23.1,0.2,21.5,1012.2,78.58333333333333
2020-01-15,21.9,0.0,22.0,1012.8,62.708333333333336
2020-01-16,20.3,0.0,21.1,1014.3,64.125
2020-01-17,19.4,0.0,24.4,1014.6,55.791666666666664
2020-01-18,21.3,0.0,17.9,1013.1,62.125
2020-01-19,23.0,0.0,16.8,1013.0,63.625
2020-01-20,23.5,0.0,16.6,1013.0,70.625
2020-01-21,23.5,0.0,16.6,1014.0,73.0
2020-01-22,24.3,0.0,18.7,1014.7,65.125
2020-01-23,25.6,0.0,22.2,1013.7,61.833333333333336
2020-01-24,25.3,0.0,19.6,1013.3,65.54166666666667
2020-01-25,25.1,0.0,20.3,1013.2,63.75
2020-01-26,24.4,0.0,15.5,1011.7,71.16666666666667
2020-01-27,23.7,0.0,15.1,1011.6,76.75
2020-01-28,22.8,1.0,18.8,1012.8,78.875
2020-01-29,21.8,0.0,21.9,1015.5,62.875
2020-01-30,21.0,0.0,21.1,1014.5,59.583333333333336
2020-01-31,21.1,0.0,20.7,1012.4,62.125
2020-02-01,22.3,0.0,22.2,1012.0,60.5
2020-02-02,23.0,0.0,15.2,1013.5,72.875
2020-02-03,22.7,0.0,14.1,1014.3,81.5
2020-02-04,23.2,0.0,19.1,1013.2,70.04166666666667
2020-02-05,23.1,0.0,20.0,1012.9,51.625
2020-02-06,22.6,0.0,18.7,1013.0,60.5
2020-02-07,21.5,0.0,22.9,1014.0,59.041666666666664
2020-02-08,22.7,0.0,25.8,1013.9,63.375
2020-02-09,24.7,0.0,27.4,1013.8,52.166666666666664
2020-02-10,25.8,0.0,19.6,1012.7,56.375
2020-02-11,26.8,0.0,17.3,1012.8,59.0
2020-02-12,27.9,0.0,17.1,1014.3,55.75
2020-02-13,27.9,0.0,23.1,1014.5,53.666666666666664
2020-02-14,27.7,0.0,22.2,1012.9,42.75
2020-02-15,25.6,0.0,22.3,1012.3,46.5
2020-02-16,25.1,0.0,17.9,1012.8,60.708333333333336
2020-02-17,26.2,0.0,16.3,1013.2,61.166666666666664
2020-02-18,27.2,0.0,19.3,1012.7,56.958333333333336
2020-02-19,26.1,0.0,16.3,1012.1,68.70833333333333
2020-02-20,25.1,0.0,19.2,1011.7,74.20833333333333
2020-02-21,25.0,0.0,20.4,1013.8,70.08333333333333
2020-02-22,25.7,0.0,18.6,1014.6,57.541666666666664
2020-02-23,26.5,0.0,20.7,1013.3,50.541666666666664
2020-02-24,25.6,0.0,22.1,1011.3,54.166666666666664
2020-02-25,27.2,0.0,25.7,1010.4,37.708333333333336
2020-02-26,27.1,0.0,22.2,1011.0,36.541666666666664
2020-02-27,26.3,0.0,18.2,1011.1,47.291666666666664
2020-02-28,25.6,0.0,19.4,1009.8,53.75
2020-02-29,25.5,0.0,22.4,1009.6,61.25
2020-03-01,25.0,0.0,21.2,1010.8,69.54166666666667
2020-03-02,24.4,0.0,15.8,1011.7,78.125
2020-03-03,24.4,0.1,15.7,1012.2,79.58333333333333
2020-03-04,24.5,0.0,18.0,1011.9,75.625
2020-03-05,24.4,0.0,18.8,1010.7,75.25
2020-03-06,24.9,0.0,20.3,1010.7,68.45833333333333
2020-03-07,24.0,0.0,18.2,1012.6,65.41666666666667
2020-03-08,23.3,0.0,18.6,1012.4,67.29166666666667
2020-03-09,23.7,0.0,19.0,1011.3,74.20833333333333
2020-03-10,24.5,0.0,15.6,1011.2,75.375
2020-03-11,24.6,0.0,21.1,1012.0,65.33333333333333
2020-03-12,23.6,0.0,20.1,1013.7,70.54166666666667
2020-03-13,23.2,0.0,27.1,1014.0,61.708333333333336
2020-03-14,24.7,0.0,27.7,1012.0,49.666666666666664
2020-03-15,26.2,0.0,18.1,1010.1,39.791666666666664
2020-03-16,27.3,0.0,21.1,1010.6,45.125
2020-03-17,27.3,0.0,20.5,1011.6,53.833333333333336
2020-03-18,27.5,0.0,16.4,1011.9,56.791666666666664
2020-03-19,26.0,0.0,18.5,1011.8,66.875
2020-03-20,25.4,0.0,14.8,1012.0,76.45833333333333
2020-03-21,25.0,0.0,18.5,1011.9,78.41666666666667
2020-03-22,25.9,0.0,23.7,1011.4,78.125
2020-03-23,27.5,0.0,21.6,1010.1,71.54166666666667
2020-03-24,28.3,0.0,22.7,1008.3,64.625
2020-03-25,28.2,0.0,15.7,1008.4,75.625
2020-03-26,28.0,0.0,18.3,1009.5,80.45833333333333
2020-03-27,28.6,0.0,25.0,1011.4,64.75
2020-03-28,28.8,0.0,28.3,1011.0,54.916666666666664
2020-03-29,28.6,0.0,24.5,1009.4,55.625
2020-03-30,28.2,0.0,18.0,1009.8,62.541666666666664
2020-03-31,27.6,0.0,22.4,1010.9,66.70833333333333
2020-04-01,27.4,0.0,23.7,1010.5,69.45833333333333
2020-04-02,28.3,0.0,22.7,1008.7,64.58333333333333
2020-04-03,28.0,0.0,22.2,1009.2,70.875
2020-04-04,27.6,0.0,22.1,1009.8,72.29166666666667
2020-04-05,27.3,0.0,18.2,1010.7,76.75
2020-04-06,27.3,0.0,17.4,1011.6,80.33333333333333
2020-04-07,26.8,0.0,16.4,1010.8,79.66666666666667
2020-04-08,27.2,0.0,18.5,1011.7,76.125
2020-04-09,26.8,0.0,23.5,1011.1,76.625
2020-04-10,27.5,0.0,23.0,1010.6,76.16666666666667
2020-04-11,28.9,0.0,20.1,1011.3,70.79166666666667
2020-04-12,29.0,0.0,18.4,1010.6,75.33333333333333
2020-04-13,28.7,0.0,19.0,1009.3,80.16666666666667
2020-04-14,29.5,0.0,22.4,1009.0,74.75
2020-04-15,29.7,0.0,20.3,1009.9,75.0
2020-04-16,29.1,0.0,18.6,1009.5,80.91666666666667
2020-04-17,29.0,0.0,18.3,1009.0,77.625
2020-04-18,29.3,0.0,20.8,1009.3,76.70833333333333
2020-04-19,30.1,0.0,22.8,1008.9,70.83333333333333
2020-04-20,31.0,0.0,24.8,1008.2,58.291666666666664
2020-04-21,28.7,0.0,19.2,1009.3,73.5
2020-04-22,28.8,0.0,22.3,1008.7,79.95833333333333
2020-04-23,29.4,0.0,20.2,1009.0,75.45833333333333
2020-04-24,29.0,0.0,19.9,1008.1,78.75
2020-04-25,29.1,0.0,17.5,1009.2,74.25
2020-04-26,28.4,0.0,23.1,1009.4,78.375
2020-04-27,28.7,0.1,21.3,1010.6,75.0
2020-04-28,29.3,0.0,27.2,1009.0,75.16666666666667
2020-04-29,29.8,0.0,18.5,1008.7,76.79166666666667
2020-04-30,29.8,0.0,18.1,1010.1,76.66666666666667
2020-05-01,29.7,0.1,18.3,1010.2,76.33333333333333
2020-05-02,29.7,0.0,21.7,1008.8,77.91666666666667
2020-05-03,29.7,0.0,20.8,1008.5,77.41666666666667
2020-05-04,29.2,0.0,20.0,1009.4,80.20833333333333
2020-05-05,29.6,0.0,22.8,1008.6,79.45833333333333
2020-05-06,29.8,0.0,23.0,1007.5,79.70833333333333
2020-05-07,28.9,0.0,20.5,1008.3,80.95833333333333
2020-05-08,29.3,0.0,18.8,1008.5,76.95833333333333
2020-05-09,29.5,0.0,20.6,1008.7,75.70833333333333
2020-05-10,29.5,0.0,23.5,1008.2,78.04166666666667
2020-05-11,29.8,0.0,23.0,1008.6,75.91666666666667
2020-05-12,29.1,0.0,20.8,1008.0,77.04166666666667
2020-05-13,29.5,0.0,20.1,1007.4,78.70833333333333
2020-05-14,30.0,0.0,24.3,1006.6,77.08333333333333
2020-05-15,30.3,0.0,23.6,1006.7,74.875
2020-05-16,30.3,0.0,19.1,1006.7,75.33333333333333
2020-05-17,30.0,0.0,21.7,1006.2,75.41666666666667
2020-05-18,30.2,0.0,23.0,1005.7,72.70833333333333
2020-05-19,29.9,0.1,19.4,1005.2,71.875
2020-05-20,29.8,0.0,17.4,1005.3,70.58333333333333
2020-05-21,29.8,0.0,18.6,1006.5,71.83333333333333
2020-05-22,29.8,0.0,17.7,1007.7,73.54166666666667
2020-05-23,29.5,0.0,22.1,1007.4,78.20833333333333
2020-05-24,30.1,0.0,21.3,1007.9,75.33333333333333
2020-05-25,30.1,0.2,18.9,1008.4,76.20833333333333
2020-05-26,30.0,0.0,18.0,1008.5,76.29166666666667
2020-05-27,30.0,0.2,17.5,1008.1,74.375
2020-05-28,30.4,0.0,17.7,1007.3,70.125
2020-05-29,30.5,0.3,18.7,1007.3,72.33333333333333
2020-05-30,30.3,0.4,17.5,1007.7,75.0
2020-05-31,30.8,0.3,23.4,1007.8,71.54166666666667
2020-06-01,29.0,6.9,13.8,1008.2,78.04166666666667
2020-06-02,27.9,11.6,19.7,1005.2,80.83333333333333
2020-06-03,26.4,144.5,58.6,997.6,84.875
2020-06-04,27.6,10.0,21.5,1005.1,84.125
2020-06-05,27.5,7.9,25.2,1006.4,86.08333333333333
2020-06-06,27.1,8.2,23.3,1006.1,87.375
2020-06-07,27.2,5.4,23.3,1006.3,87.375
2020-06-08,27.0,8.0,19.3,1006.6,87.29166666666667
2020-06-09,27.5,4.8,14.5,1006.5,88.625
2020-06-10,27.7,9.7,14.6,1005.5,89.54166666666667
2020-06-11,27.5,8.1,15.3,1003.4,89.125
2020-06-12,27.5,4.2,12.8,1001.3,88.375
2020-06-13,27.2,12.0,13.3,1001.2,89.20833333333333
2020-06-14,27.8,4.6,15.6,1002.7,88.04166666666667
2020-06-15,27.5,19.4,14.8,1002.5,89.625
2020-06-16,27.2,27.9,15.5,1001.7,88.91666666666667
2020-06-17,26.9,18.9,20.6,1001.8,90.54166666666667
2020-06-18,26.9,30.1,27.2,1003.8,90.16666666666667
2020-06-19,27.5,5.3,20.5,1005.7,90.45833333333333
2020-06-20,27.6,4.9,19.4,1006.4,89.5
2020-06-21,27.1,9.9,19.1,1005.5,91.125
2020-06-22,27.2,5.8,20.5,1003.8,89.25
2020-06-23,27.2,4.9,28.0,1004.5,87.375
2020-06-24,27.7,3.0,21.7,1005.1,86.45833333333333
2020-06-25,28.1,10.2,18.1,1004.5,85.33333333333333
2020-06-26,28.0,10.5,12.7,1004.2,87.16666666666667
2020-06-27,28.2,5.2,15.9,1004.6,85.25
2020-06-28,28.1,14.9,18.2,1004.7,86.08333333333333
2020-06-29,27.2,17.9,11.6,1004.0,89.16666666666667
2020-06-30,27.3,18.2,18.1,1002.6,88.75
2020-07-01,27.1,12.3,22.5,1003.5,89.875
2020-07-02,27.2,18.1,20.8,1003.3,88.625
2020-07-03,27.1,34.2,20.2,1002.6,89.29166666666667
2020-07-04,26.7,169.8,35.5,1000.5,91.95833333333333
2020-07-05,26.9,59.5,28.9,1000.7,90.29166666666667
2020-07-06,27.3,24.9,37.7,999.6,87.66666666666667
2020-07-07,27.1,41.8,28.2,1000.7,90.66666666666667
2020-07-08,26.9,26.4,24.7,1004.2,91.04166666666667
2020-07-09,26.9,10.7,20.9,1004.3,91.08333333333333
2020-07-10,27.0,12.3,23.5,1004.7,90.125
2020-07-11,26.7,10.9,23.7,1004.8,90.20833333333333
2020-07-12,26.7,19.3,19.0,1005.0,90.45833333333333
2020-07-13,26.6,34.6,18.2,1004.3,91.45833333333333
2020-07-14,26.7,35.7,15.9,1003.7,90.79166666666667
2020-07-15,26.3,45.5,19.8,1002.0,92.41666666666667
2020-07-16,26.2,45.8,28.0,999.2,92.04166666666667
2020-07-17,26.6,22.7,30.1,999.2,90.625
2020-07-18,26.7,11.7,26.1,1003.0,91.45833333333333
2020-07-19,27.2,6.3,18.2,1005.7,89.375
2020-07-20,27.1,5.5,14.3,1004.2,90.83333333333333
2020-07-21,27.0,5.9,16.2,1004.8,88.54166666666667
2020-07-22,27.6,2.7,14.8,1006.0,87.91666666666667
2020-07-23,27.3,5.2,9.7,1005.4,89.54166666666667
2020-07-24,26.8,18.9,11.5,1006.0,89.875
2020-07-25,27.0,7.6,17.1,1006.1,88.33333333333333
2020-07-26,26.9,10.8,18.7,1007.0,87.04166666666667
2020-07-27,26.6,21.4,17.2,1007.9,89.95833333333333
2020-07-28,27.0,7.5,14.8,1006.6,88.625
2020-07-29,26.9,27.4,14.9,1004.6,90.125
2020-07-30,26.5,107.7,15.9,1004.3,91.70833333333333
2020-07-31,27.2,9.2,15.4,1004.0,89.04166666666667
2020-08-01,27.5,3.1,20.0,1003.3,88.33333333333333
2020-08-02,27.6,1.7,26.8,1002.4,85.70833333333333
2020-08-03,26.7,37.3,34.4,1000.2,90.375
2020-08-04,26.8,153.3,45.9,996.7,90.0
2020-08-05,26.5,144.1,40.2,995.1,92.04166666666667
2020-08-06,27.2,55.4,48.1,995.5,88.79166666666667
2020-08-07,27.1,12.5,32.1,1001.5,88.75
2020-08-08,27.2,8.9,30.4,1004.7,86.20833333333333
2020-08-09,27.2,5.0,23.1,1004.2,85.66666666666667
2020-08-10,26.2,15.0,17.4,1004.1,91.54166666666667
2020-08-11,26.1,27.5,19.9,1005.7,91.41666666666667
2020-08-12,26.3,27.5,25.1,1006.8,90.54166666666667
2020-08-13,26.2,28.5,26.7,1004.8,90.75
2020-08-14,25.7,57.1,27.6,1002.8,91.95833333333333
2020-08-15,25.9,48.6,25.6,1002.7,91.875
2020-08-16,26.2,34.6,23.9,1003.5,91.08333333333333
2020-08-17,25.8,33.4,23.2,1003.4,91.33333333333333
2020-08-18,25.9,17.5,22.5,1004.7,91.5
2020-08-19,26.4,12.1,27.1,1004.2,90.0
2020-08-20,26.0,36.8,20.8,1003.3,91.625
2020-08-21,26.1,42.8,22.8,1004.3,91.95833333333333
2020-08-22,26.4,14.1,24.6,1005.2,90.70833333333333
2020-08-23,26.5,8.6,27.2,1005.7,88.58333333333333
2020-08-24,26.9,8.0,27.9,1006.3,86.625
2020-08-25,27.0,3.6,25.8,1008.6,86.20833333333333
2020-08-26,26.9,4.7,21.7,1008.9,86.04166666666667
2020-08-27,26.0,9.8,17.6,1007.9,91.25
2020-08-28,25.7,29.7,20.1,1006.1,92.29166666666667
2020-08-29,25.5,34.5,21.0,1005.5,92.75
2020-08-30,25.8,21.6,24.1,1005.7,91.54166666666667
2020-08-31,26.2,14.4,21.8,1007.7,90.08333333333333
2020-09-01,26.2,3.7,13.0,1009.1,90.625
2020-09-02,27.0,2.4,18.3,1008.4,87.25
2020-09-03,27.5,1.2,15.0,1007.4,87.41666666666667
2020-09-04,28.0,3.3,13.2,1006.6,88.375
2020-09-05,28.0,0.6,13.5,1006.1,88.04166666666667
2020-09-06,28.0,10.1,13.6,1005.3,91.08333333333333
2020-09-07,27.4,2.7,19.8,1006.7,88.20833333333333
2020-09-08,27.1,12.4,14.3,1007.3,89.54166666666667
2020-09-09,27.9,5.1,14.3,1005.7,89.25
2020-09-10,27.4,4.8,12.5,1003.9,88.70833333333333
2020-09-11,27.1,27.5,13.4,1003.3,91.20833333333333
2020-09-12,26.7,5.4,39.3,1004.1,88.04166666666667
2020-09-13,27.1,6.4,25.2,1007.0,83.33333333333333
2020-09-14,26.7,7.7,13.3,1006.7,88.91666666666667
2020-09-15,26.4,8.7,12.0,1006.4,90.20833333333333
2020-09-16,26.4,9.3,11.7,1006.7,89.875
2020-09-17,26.7,10.6,14.9,1007.0,89.25
2020-09-18,26.4,12.4,10.0,1006.3,85.125
2020-09-19,27.1,4.4,13.5,1004.0,87.83333333333333
2020-09-20,27.1,4.7,17.5,1002.1,90.70833333333333
2020-09-21,27.3,16.3,13.8,1000.6,91.95833333333333
2020-09-22,26.8,17.6,14.6,1001.1,91.625
2020-09-23,26.2,150.2,31.5,1003.2,92.875
2020-09-24,26.8,7.8,14.3,1007.1,89.75
2020-09-25,26.8,6.4,16.9,1007.7,87.625
2020-09-26,26.9,2.5,15.6,1007.6,81.70833333333333
2020-09-27,26.3,2.5,11.9,1008.8,87.875
2020-09-28,26.4,3.0,11.5,1009.4,86.75
2020-09-29,26.6,0.9,13.4,1008.6,86.95833333333333
2020-09-30,26.7,1.2,15.1,1007.8,85.08333333333333
2020-10-01,26.9,1.8,15.3,1008.3,83.91666666666667
2020-10-02,27.3,1.5,15.0,1008.3,87.04166666666667
2020-10-03,27.1,2.8,13.8,1008.4,89.66666666666667
2020-10-04,26.4,9.0,12.0,1009.8,90.20833333333333
2020-10-05,26.8,2.3,13.6,1009.4,87.75
2020-10-06,27.1,0.7,16.1,1008.6,87.875
2020-10-07,27.7,0.7,15.4,1009.1,88.625
2020-10-08,28.3,0.0,14.3,1008.2,86.0
2020-10-09,28.9,0.9,15.0,1007.3,80.66666666666667
2020-10-10,28.3,7.2,14.3,1007.2,86.875
2020-10-11,27.6,3.3,9.1,1005.8,90.0
2020-10-12,27.8,2.9,10.8,1003.7,87.0
2020-10-13,28.1,5.0,9.6,1003.1,89.875
2020-10-14,27.7,6.8,10.1,1003.4,91.33333333333333
2020-10-15,28.0,28.4,16.0,1001.0,88.29166666666667
2020-10-16,27.8,0.3,24.0,1001.5,78.83333333333333
2020-10-17,27.6,1.1,23.1,1005.2,79.25
2020-10-18,27.1,0.4,16.1,1007.6,84.83333333333333
2020-10-19,27.0,4.8,14.2,1008.0,88.83333333333333
2020-10-20,27.2,4.6,14.5,1007.4,89.91666666666667
2020-10-21,27.2,8.7,13.8,1007.8,88.04166666666667
2020-10-22,26.8,15.4,15.5,1006.9,89.83333333333333
2020-10-23,27.1,1.3,11.6,1006.8,87.70833333333333
2020-10-24,27.1,2.8,10.4,1008.4,90.20833333333333
2020-10-25,27.1,3.9,12.0,1010.2,89.79166666666667
2020-10-26,27.7,0.0,14.3,1011.2,83.41666666666667
2020-10-27,27.4,0.0,12.4,1010.3,75.95833333333333
2020-10-28,27.3,0.0,11.2,1010.7,78.91666666666667
2020-10-29,26.9,0.0,11.8,1011.3,81.5
2020-10-30,26.6,0.0,13.0,1011.1,78.5
2020-10-31,26.3,0.0,13.2,1011.1,73.66666666666667
2020-11-01,26.5,0.0,13.0,1011.8,75.95833333333333
2020-11-02,27.6,0.0,10.7,1012.5,74.5
2020-11-03,28.0,0.0,14.5,1012.2,67.41666666666667
2020-11-04,27.3,0.0,13.0,1011.9,68.79166666666667
2020-11-05,27.0,0.0,13.1,1012.3,62.625
2020-11-06,26.7,0.0,16.2,1013.8,57.375
2020-11-07,26.4,0.0,15.5,1014.2,57.0
2020-11-08,27.6,0.0,13.6,1014.0,56.791666666666664
2020-11-09,26.6,0.0,13.3,1013.5,59.708333333333336
2020-11-10,25.7,0.0,14.3,1011.4,57.0
2020-11-11,25.2,0.0,17.3,1011.9,56.416666666666664
2020-11-12,25.3,0.0,15.4,1013.0,50.833333333333336
2020-11-13,26.2,0.0,17.2,1012.0,62.5
2020-11-14,27.5,0.0,14.9,1010.4,67.91666666666667
2020-11-15,27.8,0.0,14.8,1010.6,70.58333333333333
2020-11-16,28.1,0.0,18.3,1010.9,64.45833333333333
2020-11-17,28.6,0.0,18.4,1010.0,62.708333333333336
2020-11-18,27.5,0.1,12.5,1009.9,71.04166666666667
2020-11-19,27.8,0.0,18.0,1010.2,65.91666666666667
2020-11-20,27.3,0.0,16.3,1011.4,60.958333333333336
2020-11-21,26.6,0.0,16.4,1012.0,62.375
2020-11-22,25.6,0.0,16.7,1012.7,73.75
2020-11-23,25.7,0.0,17.6,1013.0,73.08333333333333
2020-11-24,25.7,0.0,16.0,1011.9,66.5
2020-11-25,26.3,0.0,17.4,1011.0,68.33333333333333
2020-11-26,26.2,0.0,21.5,1011.5,63.25
2020-11-27,27.6,0.0,22.6,1012.8,42.583333333333336
2020-11-28,27.1,0.0,15.6,1013.2,50.958333333333336
2020-11-29,27.2,0.0,14.3,1013.1,64.83333333333333
2020-11-30,27.0,0.0,16.0,1013.3,67.16666666666667
2020-12-01,28.0,0.0,16.8,1013.1,64.16666666666667
2020-12-02,27.3,0.0,19.5,1012.0,65.58333333333333
2020-12-03,26.4,0.0,17.3,1011.5,62.333333333333336
2020-12-04,25.7,0.0,14.0,1010.7,63.916666666666664
2020-12-05,25.5,0.0,14.3,1011.2,62.416666666666664
2020-12-06,25.6,0.0,15.3,1012.3,51.333333333333336
2020-12-07,25.9,0.0,17.2,1013.6,49.125
2020-12-08,26.0,0.0,15.3,1013.4,52.583333333333336
2020-12-09,26.4,0.0,14.7,1012.1,57.875
2020-12-10,27.3,0.0,14.5,1011.6,65.58333333333333
2020-12-11,25.8,1.0,15.0,1012.6,71.16666666666667
2020-12-12,25.6,1.3,17.7,1011.7,76.45833333333333
2020-12-13,25.1,0.0,15.4,1010.9,74.79166666666667
2020-12-14,24.1,22.5,11.2,1011.4,86.08333333333333
2020-12-15,24.8,0.0,21.0,1012.6,80.45833333333333
2020-12-16,24.9,0.0,19.4,1013.7,78.70833333333333
2020-12-17,25.2,0.0,19.5,1013.9,76.20833333333333
2020-12-18,25.0,0.0,15.3,1013.5,74.41666666666667
2020-12-19,25.4,0.0,18.4,1014.0,65.66666666666667
2020-12-20,25.0,0.0,17.9,1014.6,57.5
2020-12-21,24.1,0.0,16.9,1013.4,54.791666666666664
2020-12-22,23.2,0.0,14.1,1012.3,57.541666666666664
2020-12-23,23.2,0.0,13.0,1011.1,62.208333333333336
2020-12-24,23.5,0.0,16.4,1010.1,62.291666666666664
2020-12-25,25.1,0.0,12.8,1010.6,59.625
2020-12-26,25.0,0.0,14.3,1012.0,64.70833333333333
2020-12-27,24.8,0.0,20.9,1012.1,67.79166666666667
2020-12-28,23.2,0.0,23.1,1012.2,49.75
2020-12-29,22.0,0.0,18.7,1011.4,61.041666666666664
2020-12-30,22.9,0.0,20.4,1011.5,65.41666666666667
2020-12-31,24.5,0.0,15.3,1011.0,66.54166666666667
2021-01-01,25.4,0.0,17.3,1011.4,70.125
2021-01-02,25.0,0.0,16.2,1012.1,75.33333333333333
2021-01-03,24.3,0.0,18.0,1010.7,69.33333333333333
2021-01-04,24.0,0.0,16.6,1010.7,66.08333333333333
2021-01-05,24.0,0.4,20.9,1011.8,67.45833333333333
2021-01-06,24.5,0.0,21.8,1011.3,61.25
2021-01-07,25.2,0.2,17.6,1009.3,70.66666666666667
2021-01-08,25.2,2.8,11.5,1008.7,84.125
2021-01-09,25.9,0.2,16.1,1009.3,78.25
2021-01-10,26.9,0.0,14.3,1010.0,76.125
2021-01-11,26.9,0.0,16.1,1011.1,72.70833333333333
2021-01-12,27.3,0.0,20.7,1011.7,68.33333333333333
2021-01-13,26.9,0.0,18.9,1011.4,61.916666666666664
2021-01-14,24.8,0.0,20.1,1010.9,70.375
2021-01-15,23.7,0.0,19.1,1010.4,75.16666666666667
2021-01-16,22.7,0.0,18.6,1009.5,72.875
2021-01-17,23.4,0.0,14.7,1009.9,77.58333333333333
2021-01-18,24.2,0.0,18.1,1011.5,73.58333333333333
2021-01-19,25.2,0.0,17.2,1011.6,60.708333333333336
2021-01-20,24.7,0.0,18.1,1012.5,56.541666666666664
2021-01-21,23.0,0.0,17.6,1012.4,65.25
2021-01-22,23.0,0.0,18.6,1011.7,75.16666666666667
2021-01-23,24.1,0.0,20.1,1011.8,68.0
2021-01-24,23.8,0.0,19.6,1012.7,62.041666666666664
2021-01-25,22.5,0.0,19.1,1013.3,64.0
2021-01-26,22.0,0.0,20.4,1012.9,69.625
2021-01-27,21.5,0.0,18.4,1012.5,71.45833333333333
2021-01-28,21.6,0.0,20.0,1012.9,71.25
2021-01-29,22.4,0.0,17.9,1013.5,62.75
2021-01-30,23.1,0.0,19.9,1012.9,62.708333333333336
2021-01-31,23.5,0.0,19.2,1013.1,61.625
2021-02-01,25.7,0.0,19.7,1014.4,53.125
2021-02-02,26.3,0.0,17.9,1014.6,47.416666666666664
2021-02-03,24.9,0.0,16.6,1013.9,53.416666666666664
2021-02-04,24.3,0.0,21.1,1013.8,59.666666666666664
2021-02-05,24.3,0.0,22.7,1013.6,53.083333333333336
2021-02-06,24.7,0.0,21.3,1012.7,45.125
2021-02-07,25.8,0.0,19.6,1013.2,38.583333333333336
2021-02-08,24.9,0.0,22.0,1013.7,40.791666666666664
2021-02-09,24.1,0.0,17.1,1012.8,49.166666666666664
2021-02-10,23.6,0.0,18.4,1011.7,56.375
2021-02-11,24.6,0.0,16.5,1010.6,54.75
2021-02-12,24.5,0.0,19.5,1011.3,61.166666666666664
2021-02-13,24.3,0.0,22.0,1012.6,65.875
2021-02-14,24.2,0.0,21.8,1012.9,69.54166666666667
2021-02-15,24.2,0.0,23.4,1012.1,72.125
2021-02-16,23.6,0.0,24.2,1011.9,79.125
2021-02-17,24.0,0.0,24.7,1011.5,76.33333333333333
2021-02-18,25.3,1.0,15.6,1011.9,65.70833333333333
2021-02-19,25.5,0.1,19.0,1013.6,62.041666666666664
2021-02-20,25.6,0.0,25.3,1013.6,55.291666666666664
2021-02-21,27.1,0.0,21.3,1013.1,45.083333333333336
2021-02-22,26.8,0.0,20.5,1013.5,56.833333333333336
2021-02-23,26.6,0.0,18.7,1012.2,60.625
2021-02-24,27.1,0.0,19.4,1010.9,59.958333333333336
2021-02-25,27.5,0.0,24.0,1011.5,53.708333333333336
2021-02-26,26.1,0.0,20.7,1010.9,66.33333333333333
2021-02-27,26.1,0.0,24.2,1009.8,68.95833333333333
2021-02-28,27.6,0.0,21.8,1009.4,56.291666666666664
2021-03-01,28.4,0.0,23.2,1011.8,48.916666666666664
2021-03-02,28.0,0.0,25.0,1012.6,43.916666666666664
2021-03-03,28.3,0.0,21.9,1010.9,39.583333333333336
2021-03-04,28.9,0.0,23.3,1010.4,36.458333333333336
2021-03-05,28.2,0.0,19.2,1011.5,43.208333333333336
2021-03-06,26.2,0.0,18.2,1012.6,78.125
2021-03-07,26.4,0.0,19.9,1011.8,66.70833333333333
2021-03-08,26.2,0.0,21.1,1011.6,63.708333333333336
2021-03-09,27.7,0.0,24.2,1011.4,57.333333333333336
2021-03-10,27.4,0.0,21.0,1011.5,61.75
2021-03-11,26.3,0.0,23.2,1011.8,70.83333333333333
2021-03-12,26.7,0.0,24.2,1012.7,63.75
2021-03-13,28.7,0.0,21.3,1012.2,47.833333333333336
2021-03-14,28.7,0.0,20.2,1010.3,45.625
2021-03-15,28.8,0.0,23.7,1009.8,46.541666666666664
2021-03-16,28.4,0.0,23.5,1010.2,53.208333333333336
2021-03-17,28.7,0.0,23.2,1008.9,53.208333333333336
2021-03-18,27.9,0.0,19.5,1009.2,59.0
2021-03-19,27.2,0.0,24.2,1010.2,64.83333333333333
2021-03-20,26.3,0.0,18.0,1008.9,75.125
2021-03-21,26.9,0.0,15.6,1008.2,74.41666666666667
2021-03-22,27.8,0.0,18.0,1010.2,70.0
2021-03-23,28.6,0.0,23.7,1010.8,51.625
2021-03-24,29.7,0.0,17.9,1010.7,48.583333333333336
2021-03-25,30.9,0.0,25.3,1009.8,32.25
2021-03-26,30.5,0.0,22.5,1008.8,31.083333333333332
2021-03-27,30.5,0.0,24.2,1007.8,32.0
2021-03-28,28.1,0.0,18.3,1007.9,58.833333333333336
2021-03-29,27.8,0.0,24.3,1008.1,77.83333333333333
2021-03-30,26.8,0.0,14.4,1008.3,77.75
2021-03-31,26.6,0.0,19.2,1007.5,81.16666666666667
2021-04-01,27.3,0.0,18.1,1007.1,77.875
2021-04-02,27.0,0.1,16.0,1007.4,75.95833333333333
2021-04-03,27.1,0.0,17.9,1008.4,74.75
2021-04-04,27.3,0.0,21.1,1010.2,76.25
2021-04-05,27.4,0.0,22.7,1010.1,80.16666666666667
2021-04-06,28.5,0.0,24.7,1009.1,65.66666666666667
2021-04-07,28.1,0.0,21.7,1009.9,69.70833333333333
2021-04-08,27.9,0.0,18.2,1008.8,79.625
2021-04-09,28.1,0.0,20.8,1008.3,76.95833333333333
2021-04-10,28.0,0.0,18.8,1009.4,76.58333333333333
2021-04-11,28.9,0.0,18.2,1010.2,75.54166666666667
2021-04-12,29.1,0.0,19.2,1011.2,74.125
2021-04-13,29.9,0.0,20.2,1010.3,67.16666666666667
2021-04-14,30.0,0.0,18.8,1010.0,67.75
2021-04-15,29.0,0.0,19.4,1010.0,75.29166666666667
2021-04-16,28.1,0.0,23.5,1009.8,76.375
2021-04-17,28.4,0.0,22.0,1010.3,78.58333333333333
2021-04-18,29.5,0.0,19.5,1010.6,76.375
2021-04-19,28.7,0.0,18.3,1009.6,78.16666666666667
2021-04-20,28.5,0.0,14.9,1008.9,77.875
2021-04-21,28.3,0.0,20.0,1010.2,76.91666666666667
2021-04-22,28.3,0.0,23.4,1010.2,77.125
2021-04-23,28.2,0.0,21.5,1010.1,72.08333333333333
2021-04-24,27.7,0.0,22.2,1009.6,76.83333333333333
2021-04-25,29.0,0.0,23.9,1008.2,77.95833333333333
2021-04-26,29.9,0.0,17.4,1008.0,79.29166666666667
2021-04-27,29.7,0.0,17.4,1009.0,75.54166666666667
2021-04-28,29.7,0.0,21.6,1009.9,75.08333333333333
2021-04-29,29.6,0.0,22.1,1009.4,78.54166666666667
2021-04-30,29.2,0.0,16.6,1008.5,78.83333333333333
2021-05-01,30.0,0.0,20.9,1007.5,74.0
2021-05-02,30.2,0.0,15.9,1008.0,77.29166666666667
2021-05-03,30.2,0.0,19.3,1007.7,75.04166666666667
2021-05-04,30.0,0.0,20.3,1007.5,72.70833333333333
2021-05-05,30.0,0.0,20.8,1007.4,75.125
2021-05-06,29.6,0.0,18.3,1008.0,79.41666666666667
2021-05-07,29.8,0.0,20.0,1008.8,78.04166666666667
2021-05-08,29.8,0.0,19.8,1007.7,78.16666666666667
2021-05-09,29.9,0.0,17.7,1007.0,76.66666666666667
2021-05-10,29.7,0.0,20.1,1006.9,73.25
2021-05-11,29.5,0.0,19.0,1007.5,73.375
2021-05-12,29.5,0.0,19.3,1006.2,69.25
2021-05-13,29.3,0.0,18.1,1005.4,66.54166666666667
2021-05-14,29.3,0.0,24.2,1003.5,72.625
2021-05-15,31.3,0.0,28.0,1000.3,65.16666666666667
2021-05-16,31.0,7.0,25.7,998.1,61.666666666666664
2021-05-17,26.8,199.9,61.9,996.4,87.625
2021-05-18,27.4,22.6,47.5,1002.4,88.08333333333333
2021-05-19,27.5,15.2,28.0,1004.6,87.54166666666667
2021-05-20,28.3,1.0,14.1,1006.6,82.95833333333333
2021-05-21,28.4,0.3,12.1,1007.5,81.875
2021-05-22,28.7,1.2,15.5,1007.1,77.70833333333333
2021-05-23,28.8,1.6,16.4,1007.9,79.125
2021-05-24,28.8,1.8,20.2,1008.7,81.41666666666667
2021-05-25,29.0,1.7,21.9,1007.0,78.125
2021-05-26,29.2,0.0,17.3,1006.1,70.625
2021-05-27,29.6,4.8,20.7,1006.1,71.625
2021-05-28,29.2,3.6,17.7,1006.4,78.91666666666667
2021-05-29,28.8,2.8,16.0,1007.4,82.0
2021-05-30,28.9,3.3,16.5,1007.4,82.25
2021-05-31,28.5,3.5,15.6,1005.5,85.16666666666667
2021-06-01,28.2,7.4,19.5,1005.7,86.29166666666667
2021-06-02,28.1,11.1,13.3,1006.5,86.125
2021-06-03,28.8,1.3,14.0,1007.1,84.25
2021-06-04,28.6,5.2,12.7,1007.9,84.125
2021-06-05,27.3,7.7,12.2,1007.2,86.5
2021-06-06,27.4,9.7,15.9,1007.5,84.04166666666667
2021-06-07,27.4,10.5,15.8,1007.9,86.95833333333333
2021-06-08,27.0,25.1,14.5,1007.0,90.70833333333333
2021-06-09,26.8,24.0,17.3,1005.9,90.16666666666667
2021-06-10,27.0,24.0,17.7,1005.2,88.58333333333333
2021-06-11,27.1,19.6,22.0,1004.3,88.75
2021-06-12,27.0,15.7,18.0,1004.1,89.75
2021-06-13,27.4,9.6,19.0,1004.0,89.04166666666667
2021-06-14,27.3,5.2,19.3,1002.9,90.08333333333333
2021-06-15,26.8,9.2,21.0,1001.9,89.08333333333333
2021-06-16,26.4,13.7,22.1,1002.3,91.20833333333333
2021-06-17,26.2,18.5,24.0,1003.5,90.33333333333333
2021-06-18,26.1,15.9,26.6,1004.5,89.95833333333333
2021-06-19,25.8,18.5,22.7,1006.5,90.25
2021-06-20,26.7,10.3,24.8,1007.3,87.54166666666667
2021-06-21,27.3,5.6,16.9,1007.9,85.16666666666667
2021-06-22,27.4,5.9,15.1,1007.6,85.875
2021-06-23,27.0,5.6,15.2,1007.2,89.45833333333333
2021-06-24,26.4,8.7,19.1,1007.6,90.41666666666667
2021-06-25,26.0,36.7,16.3,1006.7,91.91666666666667
2021-06-26,27.6,3.5,18.3,1006.5,82.04166666666667
2021-06-27,27.2,9.3,15.4,1008.1,84.625
2021-06-28,26.1,19.2,10.6,1007.2,89.66666666666667
2021-06-29,27.4,3.0,14.8,1006.6,87.5
2021-06-30,27.5,4.8,16.1,1006.7,88.625
2021-07-01,28.3,2.9,22.8,1005.1,79.70833333333333
2021-07-02,28.1,1.8,22.6,1005.5,81.375
2021-07-03,27.9,1.8,18.5,1006.6,84.75
2021-07-04,27.7,2.3,13.0,1007.1,86.16666666666667
2021-07-05,27.7,1.2,13.0,1006.9,86.625
2021-07-06,27.8,1.0,13.8,1005.8,85.83333333333333
2021-07-07,28.2,2.2,14.2,1005.7,83.83333333333333
2021-07-08,27.6,8.9,14.9,1005.6,87.83333333333333
2021-07-09,27.4,4.1,13.8,1003.7,86.125
2021-07-10,26.3,85.5,16.1,1002.7,92.04166666666667
2021-07-11,27.1,13.7,14.7,1001.4,88.45833333333333
2021-07-12,26.9,41.0,36.8,999.5,90.83333333333333
2021-07-13,26.6,34.6,23.7,1001.4,90.91666666666667
2021-07-14,26.2,34.9,23.1,1002.3,91.45833333333333
2021-07-15,26.8,22.4,23.2,1001.0,88.29166666666667
2021-07-16,26.5,31.8,31.5,1003.7,90.95833333333333
2021-07-17,26.8,40.6,26.6,1005.6,89.83333333333333
2021-07-18,26.9,32.9,21.6,1004.7,89.70833333333333
2021-07-19,26.3,55.2,22.0,1004.2,92.0
2021-07-20,26.4,29.1,23.4,1006.2,90.5
2021-07-21,26.5,36.7,34.8,1005.0,89.70833333333333
2021-07-22,26.6,18.5,34.0,1002.3,88.04166666666667
2021-07-23,26.0,28.2,25.3,1002.3,89.91666666666667
2021-07-24,26.5,13.1,24.2,1003.7,88.45833333333333
2021-07-25,26.4,15.3,23.9,1004.7,90.16666666666667
2021-07-26,26.6,12.5,28.7,1005.1,87.91666666666667
2021-07-27,26.7,8.4,27.2,1004.5,86.04166666666667
2021-07-28,27.1,12.4,30.6,1004.9,82.95833333333333
2021-07-29,27.0,11.3,31.3,1006.0,84.45833333333333
2021-07-30,27.2,8.4,29.5,1006.8,83.25
2021-07-31,27.3,2.7,30.8,1007.8,81.54166666666667
2021-08-01,27.0,3.1,31.0,1006.6,80.79166666666667
2021-08-02,26.6,4.7,25.3,1006.7,84.29166666666667
2021-08-03,26.2,9.8,24.4,1007.9,89.375
2021-08-04,26.5,5.6,24.0,1007.9,87.45833333333333
2021-08-05,26.8,5.9,24.2,1006.1,86.25
2021-08-06,26.9,3.9,23.4,1005.4,85.66666666666667
2021-08-07,26.6,4.0,14.9,1006.2,87.70833333333333
2021-08-08,26.4,3.0,13.4,1007.4,89.58333333333333
2021-08-09,26.8,4.2,17.9,1008.5,87.5
2021-08-10,26.5,4.2,17.4,1008.4,88.20833333333333
2021-08-11,26.5,5.5,16.7,1008.4,86.875
2021-08-12,26.7,3.9,16.7,1009.2,86.41666666666667
2021-08-13,26.6,3.7,18.4,1008.1,85.95833333333333
2021-08-14,26.0,9.1,19.1,1006.5,88.625
2021-08-15,25.8,6.7,14.6,1006.6,90.29166666666667
2021-08-16,26.2,3.9,12.4,1007.8,88.66666666666667
2021-08-17,25.9,13.7,9.8,1007.8,90.70833333333333
2021-08-18,25.6,21.8,12.0,1006.3,93.16666666666667
2021-08-19,25.3,33.4,16.2,1006.0,93.125
2021-08-20,25.8,26.8,15.6,1006.4,87.79166666666667
2021-08-21,25.3,71.7,22.0,1007.5,92.41666666666667
2021-08-22,26.1,3.1,13.6,1008.0,89.41666666666667
2021-08-23,26.4,2.3,14.8,1007.9,88.08333333333333
2021-08-24,26.7,1.4,14.9,1007.9,89.66666666666667
2021-08-25,26.7,1.6,16.6,1007.0,88.29166666666667
2021-08-26,26.6,3.4,17.0,1005.4,87.33333333333333
2021-08-27,26.5,2.1,12.3,1004.9,89.08333333333333
2021-08-28,26.5,0.6,14.5,1004.0,87.66666666666667
2021-08-29,26.6,1.4,12.2,1003.8,86.75
2021-08-30,26.6,6.0,14.5,1005.2,87.58333333333333
2021-08-31,25.9,49.1,17.1,1005.1,90.83333333333333
2021-09-01,26.1,17.2,18.9,1005.7,90.75
2021-09-02,26.5,7.1,23.8,1005.6,88.875
2021-09-03,26.1,13.7,19.1,1005.4,91.04166666666667
2021-09-04,26.2,16.6,14.5,1005.9,90.95833333333333
2021-09-05,26.1,10.1,12.3,1006.1,91.08333333333333
2021-09-06,26.5,7.9,16.8,1005.3,89.0
2021-09-07,26.0,32.0,13.3,1003.4,92.375
2021-09-08,26.4,146.8,34.9,1002.6,89.70833333333333
2021-09-09,26.8,6.9,32.1,1006.2,87.54166666666667
2021-09-10,26.5,9.9,26.2,1006.5,88.45833333333333
2021-09-11,26.3,53.6,25.3,1004.3,91.70833333333333
2021-09-12,26.4,45.3,21.4,1002.6,90.875
2021-09-13,26.4,27.4,25.0,1002.0,89.625
2021-09-14,26.8,6.0,25.5,1003.0,85.375
2021-09-15,26.5,6.0,24.1,1004.3,86.54166666666667
2021-09-16,26.7,4.4,24.5,1005.6,84.625
2021-09-17,26.7,3.3,21.6,1006.0,83.75
2021-09-18,26.2,3.3,17.9,1007.7,89.29166666666667
2021-09-19,26.2,6.4,17.1,1009.5,91.20833333333333
2021-09-20,26.4,10.2,13.1,1008.8,90.20833333333333
2021-09-21,26.0,17.8,14.5,1007.8,90.95833333333333
2021-09-22,25.8,19.7,16.8,1006.2,92.0
2021-09-23,26.2,6.6,14.5,1006.2,90.54166666666667
2021-09-24,26.7,2.0,15.0,1007.2,86.58333333333333
2021-09-25,26.4,2.2,13.4,1007.5,86.79166666666667
2021-09-26,26.5,2.8,14.1,1005.7,84.79166666666667
2021-09-27,25.9,5.2,9.6,1004.4,89.25
2021-09-28,25.7,14.3,17.6,1003.7,90.875
2021-09-29,26.3,30.7,24.9,1004.6,89.41666666666667
2021-09-30,26.4,4.4,23.1,1007.9,89.375
2021-10-01,27.0,0.2,15.1,1008.8,88.79166666666667
2021-10-02,26.9,0.8,16.4,1008.4,89.41666666666667
2021-10-03,27.5,0.2,17.8,1007.8,88.75
2021-10-04,28.0,0.0,16.5,1007.2,87.75
2021-10-05,28.0,0.9,17.7,1007.3,88.125
2021-10-06,28.3,7.4,12.5,1006.5,88.375
2021-10-07,28.3,2.4,12.1,1005.8,86.75
2021-10-08,27.1,6.8,15.3,1007.0,88.0
2021-10-09,27.0,5.2,13.3,1008.4,88.66666666666667
2021-10-10,27.2,6.2,10.1,1008.4,87.08333333333333
2021-10-11,26.8,14.6,15.3,1007.0,89.45833333333333
2021-10-12,27.6,0.7,12.7,1006.3,87.66666666666667
2021-10-13,28.1,1.6,12.8,1006.0,85.29166666666667
2021-10-14,28.6,0.7,18.7,1005.5,80.29166666666667
2021-10-15,28.2,0.0,18.6,1003.5,69.375
2021-10-16,27.5,0.0,20.0,1002.8,70.41666666666667
2021-10-17,27.3,0.0,17.4,1003.9,72.95833333333333
2021-10-18,27.8,1.1,19.9,1007.0,79.625
2021-10-19,26.7,0.5,13.8,1010.9,81.625
2021-10-20,26.3,0.0,18.6,1012.8,84.29166666666667
2021-10-21,26.8,0.0,18.1,1012.5,79.75
2021-10-22,27.1,0.0,15.0,1012.4,73.375
2021-10-23,26.6,0.0,18.1,1012.8,77.33333333333333
2021-10-24,26.0,0.0,17.2,1013.4,79.75
2021-10-25,26.1,0.0,20.2,1012.5,79.91666666666667
2021-10-26,26.9,0.0,16.3,1010.9,74.125
2021-10-27,27.3,0.0,20.2,1011.2,64.25
2021-10-28,27.7,0.0,21.6,1011.6,57.916666666666664
2021-10-29,27.6,0.0,21.2,1012.7,46.333333333333336
2021-10-30,27.5,0.0,19.6,1012.9,46.0
2021-10-31,27.5,0.0,18.1,1011.9,53.375
2021-11-01,27.0,0.0,14.3,1010.6,66.75
2021-11-02,27.6,0.0,14.2,1010.1,66.70833333333333
2021-11-03,27.9,0.0,21.1,1010.2,60.166666666666664
2021-11-04,27.9,0.0,15.8,1009.8,59.958333333333336
2021-11-05,28.0,1.6,17.1,1009.6,69.83333333333333
2021-11-06,26.5,0.1,15.3,1009.2,80.04166666666667
2021-11-07,26.5,0.0,13.0,1008.6,75.5
2021-11-08,26.8,0.0,16.8,1010.1,68.625
2021-11-09,26.0,0.0,18.3,1011.1,61.083333333333336
2021-11-10,26.0,0.0,20.9,1010.4,55.75
2021-11-11,26.2,0.0,18.7,1008.9,47.833333333333336
2021-11-12,26.3,0.0,22.6,1008.5,47.666666666666664
2021-11-13,27.2,0.0,19.8,1008.3,57.208333333333336
2021-11-14,27.6,0.0,18.1,1008.0,66.45833333333333
2021-11-15,27.9,0.0,21.9,1006.7,64.91666666666667
2021-11-16,28.2,0.0,19.2,1006.1,67.54166666666667
2021-11-17,27.5,2.1,16.9,1007.7,75.58333333333333
2021-11-18,26.4,2.2,13.4,1008.2,84.75
2021-11-19,26.7,0.7,15.4,1005.9,85.0
2021-11-20,27.8,1.1,12.2,1005.1,79.20833333333333
2021-11-21,27.6,7.9,16.7,1007.8,80.58333333333333
2021-11-22,26.7,2.3,10.2,1011.3,86.45833333333333
2021-11-23,27.1,0.0,17.3,1010.7,86.45833333333333
2021-11-24,27.9,0.0,16.6,1010.3,81.04166666666667
2021-11-25,27.8,0.0,16.7,1010.9,73.75
2021-11-26,27.2,0.0,15.0,1011.5,71.45833333333333
2021-11-27,26.7,0.0,16.3,1011.4,71.625
2021-11-28,26.0,0.0,16.1,1012.0,63.916666666666664
2021-11-29,26.0,0.0,15.1,1012.1,54.875
2021-11-30,27.1,0.0,15.0,1011.2,58.291666666666664
2021-12-01,23.0,41.4,20.3,1011.3,81.58333333333333
2021-12-02,22.3,56.7,26.9,1010.1,88.70833333333333
2021-12-03,24.2,0.8,10.4,1011.4,88.83333333333333
2021-12-04,24.2,0.1,11.3,1012.0,87.75
2021-12-05,23.8,0.2,11.8,1012.5,88.25
2021-12-06,24.4,0.0,16.3,1012.3,81.875
2021-12-07,25.4,0.0,15.5,1012.4,72.58333333333333
2021-12-08,25.6,0.0,16.2,1012.5,67.04166666666667
2021-12-09,25.7,0.0,16.3,1013.9,68.5
2021-12-10,25.8,0.0,15.8,1014.4,67.66666666666667
2021-12-11,25.4,0.0,14.6,1014.0,70.625
2021-12-12,25.1,0.0,13.5,1013.9,71.08333333333333
2021-12-13,24.3,0.0,15.7,1013.5,70.95833333333333
2021-12-14,23.5,0.0,17.1,1013.3,72.83333333333333
2021-12-15,22.9,0.0,14.3,1013.4,79.91666666666667
2021-12-16,23.3,0.0,16.7,1014.3,80.66666666666667
2021-12-17,23.6,0.0,17.0,1014.8,75.66666666666667
2021-12-18,23.6,0.0,15.9,1014.6,72.5
2021-12-19,23.6,0.0,17.0,1015.0,68.16666666666667
2021-12-20,23.2,0.0,14.7,1014.9,70.375
2021-12-21,22.9,0.0,13.0,1014.7,73.33333333333333
2021-12-22,22.9,0.0,12.5,1013.3,75.79166666666667
2021-12-23,22.5,0.0,12.9,1012.9,74.95833333333333
2021-12-24,21.7,0.0,14.6,1013.4,83.375
2021-12-25,21.5,0.0,14.8,1014.1,82.58333333333333
2021-12-26,22.6,0.0,17.8,1014.6,78.125
2021-12-27,23.0,0.0,13.8,1014.2,73.29166666666667
2021-12-28,22.8,0.0,21.5,1013.6,74.75
2021-12-29,22.8,0.0,20.8,1013.9,66.45833333333333
2021-12-30,23.2,0.0,20.8,1014.6,66.16666666666667
2021-12-31,24.8,0.0,16.3,1015.4,65.91666666666667
2022-01-01,24.8,0.0,13.9,1015.8,64.33333333333333
2022-01-02,24.8,0.0,14.1,1014.6,64.75
2022-01-03,25.0,0.0,13.8,1014.0,67.5
2022-01-04,24.7,0.0,15.1,1013.9,72.75
2022-01-05,24.1,0.0,17.3,1013.5,80.16666666666667
2022-01-06,23.5,0.0,16.5,1013.1,80.41666666666667
2022-01-07,23.2,0.0,15.5,1012.5,79.375
2022-01-08,22.5,2.3,12.1,1013.8,85.45833333333333
2022-01-09,21.7,0.0,22.0,1013.9,57.958333333333336
2022-01-10,19.6,0.0,23.1,1014.0,56.583333333333336
2022-01-11,19.6,0.0,15.2,1013.6,72.08333333333333
2022-01-12,20.7,0.0,18.4,1013.2,68.04166666666667
2022-01-13,20.6,0.0,15.4,1012.3,72.16666666666667
2022-01-14,21.4,0.0,16.1,1012.3,75.70833333333333
2022-01-15,22.5,0.0,20.5,1012.9,67.29166666666667
2022-01-16,24.0,0.0,18.7,1013.2,59.5
2022-01-17,24.5,0.0,14.8,1015.1,64.58333333333333
2022-01-18,24.1,0.0,19.0,1014.9,66.70833333333333
2022-01-19,23.6,0.0,17.2,1013.5,68.83333333333333
2022-01-20,22.7,0.0,16.1,1012.0,69.54166666666667
2022-01-21,22.4,0.0,14.2,1011.8,83.625
2022-01-22,23.5,1.0,22.7,1010.3,80.70833333333333
2022-01-23,21.5,0.4,22.4,1011.6,59.916666666666664
2022-01-24,19.1,0.0,25.5,1012.5,56.708333333333336
2022-01-25,19.7,0.0,18.8,1012.1,55.583333333333336
2022-01-26,21.0,0.0,19.9,1011.9,54.75
2022-01-27,22.1,0.0,20.5,1012.2,53.041666666666664
2022-01-28,23.6,0.0,17.8,1013.1,45.375
2022-01-29,23.0,0.0,17.2,1014.0,49.416666666666664
2022-01-30,22.3,0.0,15.2,1012.9,56.041666666666664
2022-01-31,22.4,0.0,17.3,1012.1,55.625
2022-02-01,21.8,0.0,20.1,1011.3,65.33333333333333
2022-02-02,21.8,0.0,18.1,1011.4,78.25
2022-02-03,21.8,0.0,13.1,1011.4,85.33333333333333
2022-02-04,22.2,0.0,12.7,1011.0,75.04166666666667
2022-02-05,21.3,0.0,19.2,1011.5,69.70833333333333
2022-02-06,21.9,0.0,19.4,1013.1,69.33333333333333
2022-02-07,21.6,0.0,21.9,1014.4,80.91666666666667
2022-02-08,21.6,0.0,17.3,1013.7,79.66666666666667
2022-02-09,21.7,0.0,19.3,1013.3,78.625
2022-02-10,23.6,0.0,24.0,1012.5,55.625
2022-02-11,25.4,0.0,21.7,1011.9,45.041666666666664
2022-02-12,24.5,0.0,21.0,1011.7,49.833333333333336
2022-02-13,23.7,0.0,19.5,1010.2,59.458333333333336
2022-02-14,23.6,0.0,19.5,1010.7,53.291666666666664
2022-02-15,22.9,0.0,17.3,1010.9,65.29166666666667
2022-02-16,22.1,0.0,16.5,1009.4,79.75
2022-02-17,21.9,0.0,14.0,1008.2,81.16666666666667
2022-02-18,23.1,0.0,14.6,1009.1,77.375
2022-02-19,23.7,0.0,17.9,1011.1,75.20833333333333
2022-02-20,24.4,0.0,20.2,1010.8,63.333333333333336
2022-02-21,23.9,0.0,22.9,1010.1,55.333333333333336
2022-02-22,23.5,0.0,21.8,1010.9,65.29166666666667
2022-02-23,24.1,0.0,18.9,1012.3,65.125
2022-02-24,25.3,0.0,20.1,1013.6,61.0
2022-02-25,25.3,0.0,22.9,1013.0,56.208333333333336
2022-02-26,24.7,0.0,21.8,1012.9,61.708333333333336
2022-02-27,25.2,0.0,24.2,1013.1,53.833333333333336
2022-02-28,25.5,0.0,21.3,1012.6,49.166666666666664
2022-03-01,25.9,0.0,18.9,1012.6,51.0
2022-03-02,27.0,0.0,22.4,1011.6,49.541666666666664
2022-03-03,27.7,0.0,24.7,1011.5,43.083333333333336
2022-03-04,27.6,0.0,24.7,1011.9,37.291666666666664
2022-03-05,26.6,0.0,23.7,1010.9,48.166666666666664
2022-03-06,27.3,0.0,20.4,1009.8,50.916666666666664
2022-03-07,27.7,0.0,16.0,1010.1,53.833333333333336
2022-03-08,29.0,0.0,23.2,1010.1,51.625
2022-03-09,28.4,0.1,16.9,1010.1,54.5
2022-03-10,28.1,0.0,19.0,1009.9,54.458333333333336
2022-03-11,28.4,0.0,16.5,1009.6,51.208333333333336
2022-03-12,28.6,0.0,18.0,1009.3,52.375
2022-03-13,29.0,0.0,23.3,1009.5,46.625
2022-03-14,29.1,0.0,21.5,1009.9,35.625
2022-03-15,29.6,0.0,22.2,1008.6,42.708333333333336
2022-03-16,29.9,0.0,26.0,1007.2,45.333333333333336
2022-03-17,29.8,0.0,23.5,1006.4,43.75
2022-03-18,29.2,0.0,27.1,1006.1,54.583333333333336
2022-03-19,27.7,0.0,20.8,1006.4,70.75
2022-03-20,27.0,0.0,26.9,1007.2,78.625
2022-03-21,26.8,0.0,24.2,1008.0,74.5
2022-03-22,29.3,0.0,26.5,1007.3,46.208333333333336
2022-03-23,30.9,0.0,28.0,1006.4,31.291666666666668
2022-03-24,28.5,0.0,20.1,1006.9,46.166666666666664
2022-03-25,27.4,0.0,21.6,1008.4,73.70833333333333
2022-03-26,27.5,0.0,22.2,1010.6,78.33333333333333
2022-03-27,27.6,0.0,21.2,1010.8,77.29166666666667
2022-03-28,27.6,0.0,20.7,1009.9,81.375
2022-03-29,28.4,0.0,20.4,1008.6,67.625
2022-03-30,28.2,0.0,19.4,1008.4,69.25
2022-03-31,26.6,0.0,17.4,1009.2,74.20833333333333
2022-04-01,26.7,0.0,19.1,1009.1,75.83333333333333
2022-04-02,27.0,0.0,19.4,1010.1,78.625
2022-04-03,27.2,0.0,23.4,1009.4,79.91666666666667
2022-04-04,27.9,0.0,23.9,1009.6,81.375
2022-04-05,28.2,0.0,22.5,1011.3,81.75
2022-04-06,28.2,0.0,19.8,1011.7,80.58333333333333
2022-04-07,28.5,0.0,18.9,1010.4,80.08333333333333
2022-04-08,28.4,0.0,21.3,1008.7,80.29166666666667
2022-04-09,28.6,0.0,17.4,1008.6,80.625
2022-04-10,28.8,0.0,19.6,1008.6,74.125
2022-04-11,28.6,0.0,23.4,1007.6,75.04166666666667
2022-04-12,28.7,0.0,22.7,1006.3,73.20833333333333
2022-04-13,29.3,0.0,23.1,1005.5,69.45833333333333
2022-04-14,28.5,0.0,18.0,1006.5,77.75
2022-04-15,28.3,0.0,18.9,1007.3,75.04166666666667
2022-04-16,27.5,0.0,19.6,1006.5,79.0
2022-04-17,28.1,0.0,19.9,1007.4,75.29166666666667
2022-04-18,28.1,0.0,23.8,1009.6,76.41666666666667
2022-04-19,28.2,0.0,23.4,1010.9,78.20833333333333
2022-04-20,29.1,0.0,22.5,1008.6,75.79166666666667
2022-04-21,32.0,0.0,29.8,1006.2,47.166666666666664
2022-04-22,31.2,0.0,21.3,1006.9,57.791666666666664
2022-04-23,30.9,0.0,17.7,1007.8,68.625
2022-04-24,30.0,0.0,17.3,1008.3,77.66666666666667
2022-04-25,30.8,0.0,23.7,1006.6,60.125
2022-04-26,30.1,0.0,19.2,1007.4,67.91666666666667
2022-04-27,30.9,0.0,24.0,1006.1,61.291666666666664
2022-04-28,31.0,0.0,19.5,1006.7,61.458333333333336
2022-04-29,30.1,0.0,17.0,1008.6,77.25
2022-04-30,29.3,0.0,18.7,1007.2,77.25
2022-05-01,29.5,0.0,16.7,1006.2,78.58333333333333
2022-05-02,29.9,0.0,19.8,1006.4,76.20833333333333
2022-05-03,29.9,0.0,19.6,1007.2,75.79166666666667
2022-05-04,29.3,0.0,21.3,1008.2,75.79166666666667
2022-05-05,28.9,0.0,23.4,1008.1,79.125
2022-05-06,29.1,0.1,22.5,1007.5,77.25
2022-05-07,29.3,0.0,22.9,1006.9,79.625
2022-05-08,29.6,0.0,26.7,1005.0,79.79166666666667
2022-05-09,29.5,0.0,24.6,1004.2,79.79166666666667
2022-05-10,29.9,0.0,24.5,1003.9,75.20833333333333
2022-05-11,29.7,0.0,19.8,1003.8,75.83333333333333
2022-05-12,29.9,0.0,18.4,1004.8,71.5
2022-05-13,29.8,0.0,18.5,1004.5,71.5
2022-05-14,29.8,0.0,17.1,1005.0,70.83333333333333
2022-05-15,29.9,0.0,18.1,1006.0,71.58333333333333
2022-05-16,29.7,0.0,23.3,1005.4,74.0
2022-05-17,29.8,0.0,18.2,1004.5,72.75
2022-05-18,29.4,0.0,20.2,1004.8,72.29166666666667
2022-05-19,29.5,0.0,21.9,1005.2,73.25
2022-05-20,29.7,0.1,19.6,1006.3,68.25
2022-05-21,30.2,0.1,21.6,1006.1,64.5
2022-05-22,30.2,1.0,22.9,1004.3,66.375
2022-05-23,30.2,2.7,22.6,1003.6,69.375
2022-05-24,30.2,0.4,22.0,1006.1,68.75
2022-05-25,29.7,0.6,18.7,1008.4,70.125
2022-05-26,30.1,0.0,18.4,1008.1,64.20833333333333
2022-05-27,30.4,0.0,20.1,1007.8,61.125
2022-05-28,30.4,0.0,20.2,1006.9,60.791666666666664
2022-05-29,30.5,0.1,20.6,1006.9,60.916666666666664
2022-05-30,30.1,0.1,20.3,1006.6,63.916666666666664
2022-05-31,30.0,0.0,21.4,1006.0,65.70833333333333
2022-06-01,29.8,0.0,21.3,1006.1,67.41666666666667
2022-06-02,29.7,0.0,21.1,1006.3,68.91666666666667
2022-06-03,29.3,0.0,20.3,1006.1,71.29166666666667
2022-06-04,29.7,0.0,18.9,1005.6,71.08333333333333
2022-06-05,29.6,0.0,20.6,1005.5,72.04166666666667
2022-06-06,29.7,0.0,17.9,1005.9,70.58333333333333
2022-06-07,29.7,1.0,18.2,1006.2,73.0
2022-06-08,29.3,2.5,17.8,1005.9,78.125
2022-06-09,28.9,7.3,16.9,1004.8,78.41666666666667
2022-06-10,28.1,13.8,18.7,1004.8,81.45833333333333
2022-06-11,27.2,25.2,23.0,1005.4,84.08333333333333
2022-06-12,26.7,15.9,25.3,1005.3,85.375
2022-06-13,27.5,8.0,26.3,1006.5,83.04166666666667
2022-06-14,28.2,2.5,22.9,1006.7,80.45833333333333
2022-06-15,28.2,6.1,21.0,1006.1,80.25
2022-06-16,27.9,5.1,20.1,1005.7,82.45833333333333
2022-06-17,27.9,3.0,19.8,1005.1,82.875
2022-06-18,28.3,6.6,22.4,1005.2,80.70833333333333
2022-06-19,26.9,36.7,22.0,1005.8,86.08333333333333
2022-06-20,26.0,54.8,18.4,1004.8,90.70833333333333
2022-06-21,26.1,23.0,21.0,1002.7,88.70833333333333
2022-06-22,26.5,26.9,19.2,1003.9,87.83333333333333
2022-06-23,26.3,46.8,12.9,1005.0,88.75
2022-06-24,26.7,17.5,22.7,1003.2,87.58333333333333
2022-06-25,26.7,15.6,22.9,1000.3,87.375
2022-06-26,26.2,15.7,29.5,1000.6,88.75
2022-06-27,26.4,31.7,23.2,1003.1,88.45833333333333
2022-06-28,26.5,10.0,20.0,1004.6,88.20833333333333
2022-06-29,26.7,16.0,19.4,1003.5,87.75
2022-06-30,26.2,41.6,20.2,1003.4,89.66666666666667
2022-07-01,25.7,43.4,18.6,1004.1,91.58333333333333
2022-07-02,26.1,23.9,21.1,1002.7,89.08333333333333
2022-07-03,26.2,20.5,23.1,1002.4,88.45833333333333
2022-07-04,26.0,28.2,20.6,1002.3,89.41666666666667
2022-07-05,25.8,55.5,21.1,1001.0,90.83333333333333
2022-07-06,25.8,35.6,20.7,1002.3,90.20833333333333
2022-07-07,26.2,37.2,21.9,1005.2,89.0
2022-07-08,26.4,25.0,25.9,1004.7,86.45833333333333
2022-07-09,25.6,37.8,24.2,1003.4,90.20833333333333
2022-07-10,25.1,52.5,22.0,1004.4,90.66666666666667
2022-07-11,24.8,79.9,25.0,1005.9,91.91666666666667
2022-07-12,24.8,65.0,22.8,1005.5,91.54166666666667
2022-07-13,25.2,68.3,32.1,1002.1,90.41666666666667
2022-07-14,25.5,60.2,32.2,999.3,90.33333333333333
2022-07-15,26.4,25.3,34.6,999.6,85.54166666666667
2022-07-16,26.6,24.8,32.5,1000.9,85.875
2022-07-17,26.9,10.3,23.0,1004.0,84.95833333333333
2022-07-18,25.3,30.3,18.5,1005.1,90.54166666666667
2022-07-19,25.5,34.3,21.1,1005.8,89.875
2022-07-20,26.2,13.4,18.5,1006.6,86.375
2022-07-21,26.5,6.0,18.8,1006.9,84.375
2022-07-22,26.8,4.8,20.4,1007.4,83.25
2022-07-23,25.8,28.2,19.1,1005.8,88.04166666666667
2022-07-24,25.5,25.8,19.5,1005.0,89.41666666666667
2022-07-25,26.3,10.2,18.8,1006.3,85.625
2022-07-26,26.3,4.1,15.8,1008.1,86.70833333333333
2022-07-27,26.4,6.5,12.2,1008.1,86.875
2022-07-28,27.0,2.5,16.3,1008.8,86.08333333333333
2022-07-29,27.3,1.1,17.4,1008.3,86.33333333333333
2022-07-30,27.5,0.2,16.8,1007.3,83.66666666666667
2022-07-31,27.4,2.0,17.3,1005.9,83.79166666666667
2022-08-01,27.2,2.1,17.4,1006.0,83.20833333333333
2022-08-02,27.3,2.8,16.7,1005.0,83.04166666666667
2022-08-03,27.2,10.3,15.2,1004.1,84.875
2022-08-04,27.0,13.6,13.3,1003.0,86.83333333333333
2022-08-05,26.1,27.2,15.1,1001.6,90.25
2022-08-06,26.1,33.7,17.1,1000.5,89.33333333333333
2022-08-07,26.3,56.5,16.1,999.8,90.16666666666667
2022-08-08,26.2,32.6,35.1,998.4,89.375
2022-08-09,26.0,71.3,35.5,997.8,88.95833333333333
2022-08-10,26.1,37.6,36.6,997.3,87.95833333333333
2022-08-11,26.5,23.1,37.7,998.8,85.375
2022-08-12,26.5,16.1,39.5,1002.2,83.83333333333333
2022-08-13,26.6,13.1,29.8,1004.2,83.33333333333333
2022-08-14,26.8,11.0,29.6,1005.8,81.33333333333333
2022-08-15,25.7,29.0,24.8,1006.1,87.95833333333333
2022-08-16,25.5,64.1,31.9,1005.3,89.0
2022-08-17,26.0,19.3,29.8,1006.5,86.0
2022-08-18,26.4,10.5,27.3,1007.0,83.45833333333333
2022-08-19,26.1,11.9,24.7,1007.4,85.5
2022-08-20,26.3,6.2,21.7,1007.3,85.79166666666667
2022-08-21,26.3,5.8,21.3,1006.1,85.25
2022-08-22,26.2,9.1,23.4,1004.9,85.875
2022-08-23,26.2,7.9,24.8,1005.0,85.83333333333333
2022-08-24,26.1,7.8,22.9,1007.6,85.54166666666667
2022-08-25,25.9,6.1,17.1,1007.5,86.75
2022-08-26,26.1,2.2,15.2,1007.5,84.91666666666667
2022-08-27,26.3,1.8,16.6,1007.8,83.45833333333333
2022-08-28,26.2,2.0,17.6,1007.5,85.04166666666667
2022-08-29,26.3,1.2,16.7,1008.6,85.375
2022-08-30,27.1,0.6,18.3,1008.5,85.70833333333333
2022-08-31,27.4,18.7,18.0,1007.0,88.08333333333333
2022-09-01,26.7,1.7,16.0,1006.9,87.625
2022-09-02,27.4,10.0,13.6,1007.1,87.375
2022-09-03,27.6,0.9,15.4,1007.5,86.625
2022-09-04,27.0,9.9,14.8,1007.7,88.0
2022-09-05,27.3,1.8,15.8,1007.7,83.375
2022-09-06,27.0,4.9,13.3,1007.1,84.375
2022-09-07,27.1,20.1,15.6,1006.8,88.08333333333333
2022-09-08,26.5,39.7,12.0,1005.5,90.25
2022-09-09,27.0,27.0,13.7,1004.4,87.95833333333333
2022-09-10,26.8,13.2,11.7,1004.5,88.5
2022-09-11,26.5,25.5,13.0,1002.2,88.125
2022-09-12,26.2,21.8,17.7,1001.0,89.45833333333333
2022-09-13,26.0,51.7,24.1,1002.9,90.08333333333333
2022-09-14,26.0,81.9,27.3,1006.0,89.29166666666667
2022-09-15,26.2,68.7,30.5,1007.3,87.95833333333333
2022-09-16,25.5,96.6,25.9,1006.4,91.16666666666667
2022-09-17,25.3,36.6,20.2,1006.8,89.58333333333333
2022-09-18,25.0,61.8,16.0,1008.6,90.29166666666667
2022-09-19,25.9,2.9,19.2,1009.1,82.875
2022-09-20,25.1,15.0,13.2,1008.9,87.625
2022-09-21,25.2,12.3,15.2,1008.9,88.41666666666667
2022-09-22,24.9,18.0,14.4,1009.2,89.45833333333333
2022-09-23,25.9,4.0,18.7,1009.1,82.70833333333333
2022-09-24,25.4,5.2,17.2,1008.5,87.29166666666667
2022-09-25,25.7,4.7,12.1,1008.4,86.25
2022-09-26,25.7,3.0,14.7,1010.1,84.875
2022-09-27,25.9,0.9,13.1,1008.8,86.5
2022-09-28,26.0,2.3,15.7,1007.8,87.08333333333333
2022-09-29,25.9,2.0,15.3,1007.7,88.66666666666667
2022-09-30,26.5,2.2,15.5,1008.2,88.70833333333333
2022-10-01,25.9,10.3,16.1,1008.9,88.58333333333333
2022-10-02,26.2,0.7,16.3,1009.1,87.375
2022-10-03,26.3,0.6,18.9,1009.5,87.16666666666667
2022-10-04,26.9,0.0,19.7,1009.3,85.58333333333333
2022-10-05,27.2,2.4,20.2,1008.1,87.875
2022-10-06,27.4,3.5,22.1,1006.4,85.70833333333333
2022-10-07,25.8,27.7,18.1,1005.3,86.79166666666667
2022-10-08,25.8,31.9,17.6,1007.5,87.25
2022-10-09,26.7,1.1,13.0,1009.1,84.70833333333333
2022-10-10,26.8,0.2,12.9,1010.0,86.41666666666667
2022-10-11,26.7,11.1,12.4,1008.9,88.29166666666667
2022-10-12,25.8,13.8,11.0,1009.6,89.20833333333333
2022-10-13,26.4,2.1,9.8,1009.6,89.66666666666667
2022-10-14,26.5,14.5,10.8,1009.5,87.125
2022-10-15,27.4,0.9,13.4,1008.4,76.375
2022-10-16,27.6,0.0,15.6,1009.4,67.41666666666667
2022-10-17,27.2,6.4,15.0,1011.0,81.75
2022-10-18,26.0,7.4,16.9,1011.2,88.875
2022-10-19,26.5,4.4,9.9,1010.6,88.08333333333333
2022-10-20,26.7,0.7,11.9,1010.9,87.875
2022-10-21,26.9,3.8,9.7,1012.2,85.20833333333333
2022-10-22,27.0,1.3,17.7,1013.2,80.91666666666667
2022-10-23,26.3,0.0,13.8,1013.1,66.79166666666667
2022-10-24,25.4,0.0,12.5,1011.3,70.66666666666667
2022-10-25,25.4,0.0,13.1,1011.4,76.91666666666667
2022-10-26,25.2,0.0,14.8,1012.7,74.29166666666667
2022-10-27,25.2,0.0,13.6,1012.6,71.58333333333333
2022-10-28,25.6,0.0,11.4,1012.0,67.95833333333333
2022-10-29,25.5,0.0,11.8,1011.8,61.166666666666664
2022-10-30,25.6,0.0,14.6,1012.1,59.5
2022-10-31,25.3,0.0,16.6,1011.7,61.041666666666664
2022-11-01,25.4,0.0,16.4,1012.4,57.833333333333336
2022-11-02,25.5,0.0,15.5,1011.7,64.5
2022-11-03,26.0,0.0,14.6,1011.3,56.791666666666664
2022-11-04,26.2,0.0,15.7,1012.0,56.125
2022-11-05,26.3,0.0,15.7,1013.1,55.125
2022-11-06,25.9,0.0,14.2,1013.5,58.875
2022-11-07,25.3,0.0,13.2,1013.3,64.79166666666667
2022-11-08,26.0,0.0,15.3,1013.0,63.125
2022-11-09,26.1,0.0,17.7,1012.8,60.791666666666664
2022-11-10,25.9,0.0,20.3,1013.1,60.666666666666664
2022-11-11,26.4,0.0,18.6,1013.3,55.041666666666664
2022-11-12,26.6,0.0,18.6,1013.0,56.708333333333336
2022-11-13,26.6,0.0,16.4,1012.0,57.416666666666664
2022-11-14,26.2,0.0,14.7,1012.2,66.25
2022-11-15,26.2,0.0,13.3,1012.7,69.54166666666667
2022-11-16,26.2,0.0,16.4,1012.0,63.25
2022-11-17,26.0,0.0,18.4,1011.9,56.75
2022-11-18,25.7,0.0,17.6,1012.3,48.041666666666664
2022-11-19,25.3,0.0,15.9,1012.2,46.625
2022-11-20,24.3,0.0,20.4,1011.4,49.083333333333336
2022-11-21,23.6,0.0,16.5,1011.2,51.541666666666664
2022-11-22,24.1,0.0,17.1,1011.1,56.25
2022-11-23,25.5,0.0,19.1,1011.1,53.75
2022-11-24,25.4,0.0,16.1,1010.8,58.791666666666664
2022-11-25,26.0,0.0,13.1,1011.3,62.833333333333336
2022-11-26,26.5,0.0,13.8,1010.4,66.83333333333333
2022-11-27,26.2,0.0,14.8,1008.7,69.41666666666667
2022-11-28,24.9,0.0,16.1,1009.7,67.625
2022-11-29,24.2,0.0,13.6,1010.6,70.75
2022-11-30,25.9,0.0,15.0,1011.2,65.625
2022-12-01,25.8,0.0,14.6,1011.1,61.208333333333336
2022-12-02,25.1,0.0,14.0,1010.5,60.416666666666664
2022-12-03,25.2,0.0,17.9,1010.7,61.75
2022-12-04,26.5,0.0,13.0,1011.2,65.16666666666667
2022-12-05,26.8,0.0,14.6,1012.2,69.20833333333333
2022-12-06,26.9,0.0,18.3,1011.8,69.33333333333333
2022-12-07,26.5,0.0,18.7,1011.3,67.70833333333333
2022-12-08,25.8,0.0,18.4,1011.1,64.29166666666667
2022-12-09,24.5,0.0,19.8,1009.6,51.458333333333336
2022-12-10,23.8,0.0,17.6,1009.2,56.75
2022-12-11,24.7,0.0,17.6,1009.8,57.291666666666664
2022-12-12,26.5,0.0,16.8,1009.4,62.958333333333336
2022-12-13,27.7,0.0,14.6,1009.8,67.04166666666667
2022-12-14,28.0,0.2,15.5,1010.9,66.20833333333333
2022-12-15,27.2,0.0,13.6,1010.9,71.20833333333333
2022-12-16,27.5,0.0,15.9,1010.5,68.75
2022-12-17,27.6,0.0,16.9,1011.2,68.33333333333333
2022-12-18,28.0,0.0,20.5,1010.9,62.625
2022-12-19,26.9,0.0,17.1,1010.0,59.0
2022-12-20,25.9,0.0,16.9,1009.6,56.916666666666664
2022-12-21,25.3,0.0,15.4,1010.2,61.708333333333336
2022-12-22,24.9,0.0,15.9,1010.1,67.625
2022-12-23,24.4,0.0,20.4,1011.0,62.291666666666664
2022-12-24,22.7,0.0,19.2,1012.0,51.541666666666664
2022-12-25,21.6,0.0,14.0,1012.1,65.75
2022-12-26,21.7,0.0,15.9,1013.2,72.75
2022-12-27,23.2,0.0,17.8,1014.0,68.66666666666667
2022-12-28,23.7,0.0,17.3,1014.8,69.0
2022-12-29,23.9,0.0,16.9,1016.0,68.0
2022-12-30,24.1,0.0,17.6,1017.0,66.33333333333333
2022-12-31,23.6,0.0,20.3,1016.5,64.95833333333333
2023-01-01,21.8,0.0,18.4,1016.2,67.16666666666667
2023-01-02,22.5,0.0,16.9,1015.3,69.95833333333333
2023-01-03,22.7,0.0,19.0,1015.1,69.45833333333333
2023-01-04,22.5,0.0,16.8,1013.9,71.08333333333333
2023-01-05,23.9,0.0,14.8,1014.5,71.08333333333333
2023-01-06,25.4,0.0,15.3,1016.0,65.08333333333333
2023-01-07,26.1,0.0,16.7,1015.9,63.458333333333336
2023-01-08,25.4,0.0,19.0,1015.0,59.625
2023-01-09,24.1,0.0,18.7,1016.0,51.916666666666664
2023-01-10,23.3,0.0,17.9,1015.4,50.833333333333336
2023-01-11,22.6,0.0,15.6,1013.7,60.5
2023-01-12,22.0,0.0,19.2,1013.0,71.625
2023-01-13,22.2,0.0,22.2,1014.1,75.45833333333333
2023-01-14,20.6,0.0,20.3,1013.9,64.83333333333333
2023-01-15,20.1,0.0,19.7,1012.3,69.25
2023-01-16,20.1,0.0,14.5,1012.5,76.375
2023-01-17,20.8,0.0,15.2,1012.9,74.41666666666667
2023-01-18,21.9,0.0,13.7,1013.7,72.0
2023-01-19,22.2,0.0,12.5,1013.6,72.5
2023-01-20,21.7,0.0,16.6,1013.6,72.83333333333333
2023-01-21,21.9,0.0,18.9,1013.9,70.08333333333333
2023-01-22,21.7,0.0,23.3,1013.3,60.541666666666664
2023-01-23,21.0,0.0,24.2,1012.7,55.625
2023-01-24,20.7,0.0,24.2,1013.0,58.291666666666664
2023-01-25,21.1,0.0,26.7,1012.9,55.291666666666664
2023-01-26,22.3,0.0,21.7,1012.4,58.375
2023-01-27,24.9,0.0,16.9,1011.3,65.79166666666667
2023-01-28,24.2,0.0,18.5,1010.5,75.45833333333333
2023-01-29,23.3,1.0,17.2,1010.3,89.08333333333333
2023-01-30,23.4,0.0,23.2,1012.9,79.20833333333333
2023-01-31,25.1,0.0,22.2,1012.6,64.625
2023-02-01,26.9,0.0,21.8,1011.9,52.75
2023-02-02,27.0,0.0,19.9,1012.1,51.958333333333336
2023-02-03,25.4,0.0,18.7,1012.8,54.125
2023-02-04,24.7,0.0,18.3,1011.7,56.208333333333336
2023-02-05,24.4,0.0,12.9,1010.9,62.458333333333336
2023-02-06,23.8,0.0,20.4,1011.6,65.91666666666667
2023-02-07,24.4,0.0,22.7,1011.3,61.125
2023-02-08,24.4,0.0,19.1,1011.3,59.625
2023-02-09,25.4,0.0,18.9,1011.5,53.25
2023-02-10,24.5,0.0,20.5,1013.1,57.291666666666664
2023-02-11,24.3,0.0,22.4,1013.9,51.375
2023-02-12,25.4,0.0,21.3,1013.7,46.333333333333336
2023-02-13,26.8,0.0,24.0,1013.5,39.291666666666664
2023-02-14,25.4,0.0,20.1,1013.4,41.541666666666664
2023-02-15,25.2,0.0,21.5,1011.7,44.75
2023-02-16,26.9,0.0,25.3,1012.0,37.166666666666664
2023-02-17,27.3,0.0,23.4,1012.4,37.0
2023-02-18,26.9,0.0,22.2,1012.0,36.5
2023-02-19,26.1,0.0,19.0,1011.8,42.833333333333336
2023-02-20,25.5,0.0,16.2,1012.4,63.083333333333336
2023-02-21,25.4,0.0,20.9,1013.0,64.16666666666667
2023-02-22,24.6,0.0,22.2,1012.7,67.58333333333333
2023-02-23,25.6,0.0,22.6,1011.6,51.291666666666664
2023-02-24,27.0,0.0,23.0,1012.5,44.208333333333336
2023-02-25,27.3,0.0,22.5,1014.3,39.916666666666664
2023-02-26,26.7,0.0,22.6,1014.7,41.375
2023-02-27,27.1,0.0,21.9,1014.4,42.25
2023-02-28,25.8,0.0,18.9,1014.7,50.041666666666664
2023-03-01,26.1,0.0,18.5,1015.1,53.25
2023-03-02,27.5,0.0,19.6,1015.1,46.583333333333336
2023-03-03,27.3,0.0,17.2,1015.5,55.583333333333336
2023-03-04,27.7,0.0,15.9,1015.2,62.0
2023-03-05,28.8,0.0,18.7,1014.7,56.291666666666664
2023-03-06,29.7,0.1,21.2,1013.6,42.958333333333336
2023-03-07,28.8,0.0,23.4,1013.4,45.916666666666664
2023-03-08,28.0,0.0,20.5,1013.4,48.916666666666664
2023-03-09,29.2,0.0,22.4,1012.7,34.166666666666664
2023-03-10,28.9,0.0,23.3,1012.1,31.791666666666668
2023-03-11,29.1,0.0,22.4,1011.5,38.708333333333336
2023-03-12,29.3,0.0,21.5,1011.0,40.208333333333336
2023-03-13,29.2,0.0,16.1,1010.0,50.041666666666664
2023-03-14,28.5,0.0,17.6,1009.0,63.0
2023-03-15,28.4,0.0,20.2,1007.9,60.5
2023-03-16,27.0,13.3,20.5,1009.6,66.83333333333333
2023-03-17,26.7,0.7,16.3,1010.1,75.95833333333333
2023-03-18,27.0,0.0,18.9,1009.0,78.95833333333333
2023-03-19,26.2,0.0,18.8,1009.0,73.66666666666667
2023-03-20,26.2,0.0,17.4,1008.9,67.20833333333333
2023-03-21,25.7,0.7,16.4,1009.6,71.625
2023-03-22,26.2,0.0,15.8,1010.5,72.08333333333333
2023-03-23,26.2,0.4,18.6,1010.7,72.91666666666667
2023-03-24,26.1,0.0,22.2,1010.7,75.33333333333333
2023-03-25,25.1,0.0,23.7,1011.8,69.25
2023-03-26,24.9,0.0,20.8,1011.6,69.375
2023-03-27,25.3,0.0,19.9,1011.1,75.875
2023-03-28,25.7,0.0,19.8,1010.4,77.70833333333333
2023-03-29,25.6,0.0,17.6,1010.9,79.20833333333333
2023-03-30,26.1,0.2,15.6,1010.4,74.79166666666667
2023-03-31,26.4,0.4,16.5,1010.0,74.625
2023-04-01,25.9,0.0,23.3,1010.5,75.29166666666667
2023-04-02,26.0,0.0,23.8,1010.2,76.5
2023-04-03,26.2,0.0,23.4,1009.8,76.75
2023-04-04,26.5,0.0,23.7,1010.3,79.625
2023-04-05,26.6,0.0,22.8,1010.0,81.75
2023-04-06,28.1,0.0,21.6,1009.8,72.08333333333333
2023-04-07,29.7,0.0,23.2,1010.5,55.541666666666664
2023-04-08,29.6,0.0,17.1,1012.1,55.666666666666664
2023-04-09,29.7,0.0,23.8,1012.4,58.375
2023-04-10,30.2,0.0,21.6,1010.8,61.125
2023-04-11,30.0,0.0,22.7,1011.1,61.666666666666664
2023-04-12,30.7,0.0,25.0,1010.6,55.25
2023-04-13,30.8,0.0,22.4,1010.2,51.458333333333336
2023-04-14,30.1,0.0,21.7,1010.0,59.75
2023-04-15,29.1,0.0,21.9,1010.1,62.791666666666664
2023-04-16,28.6,0.0,22.5,1009.0,71.75
2023-04-17,28.7,0.0,23.3,1009.0,72.08333333333333
2023-04-18,31.5,0.0,24.0,1009.3,50.791666666666664
2023-04-19,32.3,0.0,24.1,1007.1,47.375
2023-04-20,30.1,0.0,23.3,1005.9,62.0
2023-04-21,28.0,0.0,19.7,1006.8,73.33333333333333
2023-04-22,27.7,0.0,19.1,1007.3,78.75
2023-04-23,27.9,0.0,21.7,1007.5,75.66666666666667
2023-04-24,28.1,0.0,22.5,1007.7,78.45833333333333
2023-04-25,28.6,0.0,21.3,1007.7,79.08333333333333
2023-04-26,28.5,0.0,21.0,1008.3,75.41666666666667
2023-04-27,28.3,0.0,21.7,1008.5,73.125
2023-04-28,28.4,0.0,18.2,1009.3,73.5
2023-04-29,28.2,0.4,20.1,1008.8,71.375
2023-04-30,28.0,0.5,19.5,1007.4,71.70833333333333
2023-05-01,28.0,2.1,15.9,1007.3,69.16666666666667
2023-05-02,28.4,0.7,16.6,1007.9,67.625
2023-05-03,28.5,0.0,18.6,1009.3,68.25
2023-05-04,28.1,0.5,18.7,1008.7,73.58333333333333
2023-05-05,28.4,0.4,20.1,1008.0,75.20833333333333
2023-05-06,28.5,0.1,22.4,1008.0,76.66666666666667
2023-05-07,27.8,8.2,16.4,1008.3,80.54166666666667
2023-05-08,29.5,0.5,19.7,1007.5,74.08333333333333
2023-05-09,30.0,0.0,19.8,1007.7,75.25
2023-05-10,30.2,0.0,21.9,1006.8,78.41666666666667
2023-05-11,30.4,0.0,18.9,1006.9,78.58333333333333
2023-05-12,30.2,0.0,18.3,1007.6,80.125
2023-05-13,30.2,0.0,18.0,1008.5,76.83333333333333
2023-05-14,30.0,0.0,17.4,1008.0,75.70833333333333
2023-05-15,30.3,0.5,19.1,1008.7,73.66666666666667
2023-05-16,30.5,0.3,17.3,1010.2,70.625
2023-05-17,30.1,0.0,22.7,1010.3,72.29166666666667
2023-05-18,29.8,0.1,24.4,1011.4,76.25
2023-05-19,29.8,0.2,23.2,1010.0,77.79166666666667
2023-05-20,29.8,0.0,18.7,1009.5,75.375
2023-05-21,29.9,0.0,19.9,1010.2,72.04166666666667
2023-05-22,29.7,0.0,18.5,1010.8,74.70833333333333
2023-05-23,29.6,0.0,22.9,1010.7,77.5
2023-05-24,30.1,0.0,19.9,1010.3,74.04166666666667
2023-05-25,30.6,0.0,20.7,1010.8,65.29166666666667
2023-05-26,30.6,2.0,21.6,1011.2,64.66666666666667
2023-05-27,30.9,0.0,19.1,1010.1,61.625
2023-05-28,30.9,0.0,18.8,1009.1,65.95833333333333
2023-05-29,30.3,0.0,24.0,1008.6,74.66666666666667
2023-05-30,30.3,0.0,20.3,1008.6,79.20833333333333
2023-05-31,30.6,0.0,24.7,1008.2,78.54166666666667
2023-06-01,30.0,0.0,21.9,1008.2,80.5
2023-06-02,30.5,0.0,18.2,1009.1,72.125
2023-06-03,31.3,0.1,18.7,1008.3,66.625
2023-06-04,30.9,0.8,19.1,1008.2,70.41666666666667
2023-06-05,30.6,0.4,19.6,1007.6,71.29166666666667
2023-06-06,30.8,0.1,17.1,1007.2,68.70833333333333
2023-06-07,30.9,0.0,16.9,1007.0,69.04166666666667
2023-06-08,31.2,0.8,16.9,1007.2,68.20833333333333
2023-06-09,30.6,4.0,29.3,1005.3,76.08333333333333
2023-06-10,30.2,3.6,32.5,1003.7,74.54166666666667
2023-06-11,29.6,3.8,32.4,1003.0,73.125
2023-06-12,28.7,5.3,42.6,1002.8,77.75
2023-06-13,28.3,5.6,36.3,1004.4,80.33333333333333
2023-06-14,28.5,2.8,33.8,1006.3,78.625
2023-06-15,29.8,2.8,33.7,1006.3,74.16666666666667
2023-06-16,29.4,4.6,37.5,1005.6,75.20833333333333
2023-06-17,29.1,6.6,26.1,1006.6,79.0
2023-06-18,29.1,4.6,22.8,1007.1,78.95833333333333
2023-06-19,29.4,2.4,20.0,1006.2,77.25
2023-06-20,29.3,1.1,20.4,1005.3,77.875
2023-06-21,29.3,2.9,19.6,1005.6,79.16666666666667
2023-06-22,29.5,1.9,18.7,1005.8,76.375
2023-06-23,28.6,2.9,19.3,1005.5,80.75
2023-06-24,27.0,20.7,17.7,1004.4,86.125
2023-06-25,26.4,32.9,18.3,1004.5,88.375
2023-06-26,25.8,23.2,18.9,1005.8,90.75
2023-06-27,25.9,23.2,20.9,1005.5,90.58333333333333
2023-06-28,26.3,45.7,20.4,1006.0,90.08333333333333
2023-06-29,26.0,50.0,20.5,1006.3,91.08333333333333
2023-06-30,26.1,55.8,27.3,1006.2,90.75
2023-07-01,26.3,40.5,23.1,1006.9,90.04166666666667
2023-07-02,26.7,34.7,20.5,1006.1,88.75
2023-07-03,27.2,8.6,17.7,1004.3,88.20833333333333
2023-07-04,26.9,48.3,16.8,1002.7,89.375
2023-07-05,26.6,35.9,14.5,1001.0,89.625
2023-07-06,25.7,97.5,24.5,1002.2,92.375
2023-07-07,26.3,50.7,26.8,1003.3,90.25
2023-07-08,27.6,13.0,29.3,1005.0,83.41666666666667
2023-07-09,27.5,10.8,27.4,1005.9,81.91666666666667
2023-07-10,27.5,3.5,22.7,1006.5,81.625
2023-07-11,27.7,4.3,20.4,1006.8,81.58333333333333
2023-07-12,26.1,12.2,12.8,1005.9,90.0
2023-07-13,26.1,10.9,18.2,1005.6,89.79166666666667
2023-07-14,26.2,32.7,21.0,1006.8,89.41666666666667
2023-07-15,26.1,16.7,17.6,1007.5,89.5
2023-07-16,25.7,30.5,16.8,1006.7,90.83333333333333
2023-07-17,25.8,63.8,19.7,1005.4,91.375
2023-07-18,25.9,67.7,25.3,1004.2,91.375
2023-07-19,26.2,44.8,23.7,1002.1,90.54166666666667
2023-07-20,26.4,36.4,24.1,1002.5,88.16666666666667
2023-07-21,26.4,40.9,21.3,1004.2,89.29166666666667
2023-07-22,25.9,42.7,21.3,1004.9,91.125
2023-07-23,26.2,34.8,28.1,1003.8,89.70833333333333
2023-07-24,26.1,58.2,26.8,1004.2,89.41666666666667
2023-07-25,25.9,44.1,21.1,1006.0,90.33333333333333
2023-07-26,25.8,93.9,26.3,1007.0,90.70833333333333
2023-07-27,26.0,90.9,22.0,1007.4,89.66666666666667
2023-07-28,25.7,49.8,21.7,1007.6,90.79166666666667
2023-07-29,26.8,12.3,23.9,1007.8,84.25
2023-07-30,27.0,9.3,25.6,1007.0,82.75
2023-07-31,26.8,9.9,26.6,1006.5,84.95833333333333
2023-08-01,27.0,6.1,25.3,1006.6,84.0
2023-08-02,26.8,15.1,27.7,1007.2,83.79166666666667
2023-08-03,27.1,6.3,27.2,1006.6,83.5
2023-08-04,27.2,2.5,25.3,1007.5,85.45833333333333
2023-08-05,27.3,3.8,23.7,1009.4,83.41666666666667
2023-08-06,27.2,2.8,23.4,1009.0,83.20833333333333
2023-08-07,27.3,2.2,26.9,1007.3,82.625
2023-08-08,27.4,2.3,24.7,1007.6,82.58333333333333
2023-08-09,27.2,3.0,20.2,1009.6,83.0
2023-08-10,26.6,7.3,15.2,1010.4,85.04166666666667
2023-08-11,27.2,3.7,15.9,1009.8,81.95833333333333
2023-08-12,25.9,5.4,18.8,1009.8,86.54166666666667
2023-08-13,27.1,5.0,24.7,1008.1,82.08333333333333
2023-08-14,27.4,2.6,24.8,1008.3,80.41666666666667
2023-08-15,27.0,3.5,18.7,1008.9,82.75
2023-08-16,27.0,4.5,20.9,1009.4,84.33333333333333
2023-08-17,26.8,3.5,20.7,1009.7,83.20833333333333
2023-08-18,27.1,2.0,18.9,1008.3,81.16666666666667
2023-08-19,26.8,4.1,19.5,1007.1,84.125
2023-08-20,26.1,10.5,17.1,1007.2,87.75
2023-08-21,26.5,3.8,16.3,1007.6,85.75
2023-08-22,26.4,6.1,18.8,1007.6,86.375
2023-08-23,27.2,3.8,21.1,1007.4,82.16666666666667
2023-08-24,26.6,6.5,21.2,1006.6,85.0
2023-08-25,26.7,6.2,19.5,1006.6,86.45833333333333
2023-08-26,26.1,14.3,20.2,1008.1,88.16666666666667
2023-08-27,25.7,15.1,16.6,1009.3,88.95833333333333
2023-08-28,25.8,4.1,17.1,1008.8,87.75
2023-08-29,26.5,3.6,11.1,1008.5,85.54166666666667
2023-08-30,26.7,0.7,13.8,1009.1,85.91666666666667
2023-08-31,27.2,0.7,15.2,1009.0,85.29166666666667
2023-09-01,27.1,1.2,18.8,1008.8,86.29166666666667
2023-09-02,26.5,2.6,12.3,1008.8,88.54166666666667
2023-09-03,26.9,10.0,17.6,1007.8,85.875
2023-09-04,26.9,2.2,17.7,1006.7,83.54166666666667
2023-09-05,27.0,2.4,17.2,1006.1,83.33333333333333
2023-09-06,27.8,1.0,17.7,1006.0,80.91666666666667
2023-09-07,27.0,10.2,19.7,1005.9,83.83333333333333
2023-09-08,26.7,50.6,22.7,1006.2,88.83333333333333
2023-09-09,26.9,15.9,18.1,1006.3,88.375
2023-09-10,27.1,5.5,18.4,1006.2,87.70833333333333
2023-09-11,26.3,4.7,14.4,1007.1,88.125
2023-09-12,26.9,4.7,19.1,1007.6,84.83333333333333
2023-09-13,26.5,3.6,12.8,1007.1,87.0
2023-09-14,26.6,2.2,13.4,1007.3,85.75
2023-09-15,27.2,2.1,16.6,1007.1,82.25
2023-09-16,27.0,7.3,20.6,1006.6,83.75
2023-09-17,27.2,8.2,23.0,1005.6,81.875
2023-09-18,25.9,30.9,22.2,1005.7,89.75
2023-09-19,26.3,12.3,22.3,1007.0,88.33333333333333
2023-09-20,26.5,11.1,21.7,1007.7,89.04166666666667
2023-09-21,26.5,20.7,16.3,1007.9,90.08333333333333
2023-09-22,26.4,14.9,11.5,1008.3,90.875
2023-09-23,26.1,35.3,16.0,1008.9,91.29166666666667
2023-09-24,26.2,15.3,11.4,1009.3,90.04166666666667
2023-09-25,26.3,17.7,15.0,1008.2,88.875
2023-09-26,26.4,4.4,13.4,1007.9,89.29166666666667
2023-09-27,26.1,21.0,17.0,1007.3,91.33333333333333
2023-09-28,26.6,22.6,20.2,1006.0,91.25
2023-09-29,27.4,25.9,12.4,1005.4,91.04166666666667
2023-09-30,27.9,13.2,15.3,1005.0,87.625
2023-10-01,28.4,0.8,17.5,1005.6,88.875
2023-10-02,27.3,3.2,13.0,1008.9,87.54166666666667
2023-10-03,27.3,0.1,12.9,1010.2,83.0
2023-10-04,27.1,2.9,14.5,1010.9,84.95833333333333
2023-10-05,27.1,0.1,15.8,1010.5,86.16666666666667
2023-10-06,27.1,0.7,16.8,1009.7,85.125
2023-10-07,27.0,0.2,18.1,1009.7,86.20833333333333
2023-10-08,27.6,0.3,18.0,1010.5,83.875
2023-10-09,27.9,0.0,16.4,1011.7,80.04166666666667
2023-10-10,27.7,0.0,19.4,1011.8,75.79166666666667
2023-10-11,27.6,0.0,20.3,1011.7,80.5
2023-10-12,27.9,0.0,16.6,1011.7,84.29166666666667
2023-10-13,28.7,0.0,17.2,1012.0,84.375
2023-10-14,28.4,0.0,14.2,1012.0,84.66666666666667
2023-10-15,28.7,0.7,19.2,1010.6,84.5
2023-10-16,28.6,0.0,15.5,1010.4,70.875
2023-10-17,28.3,1.0,9.5,1011.6,74.75
2023-10-18,28.7,0.0,18.1,1012.3,73.0
2023-10-19,28.8,0.0,16.1,1012.1,62.958333333333336
2023-10-20,28.6,0.0,10.8,1011.8,67.20833333333333
2023-10-21,29.1,0.1,12.3,1012.3,66.66666666666667
2023-10-22,28.7,0.0,14.5,1012.9,71.08333333333333
2023-10-23,28.6,0.0,18.7,1011.7,67.0
2023-10-24,28.6,0.0,16.5,1011.2,60.875
2023-10-25,28.0,0.0,16.4,1012.7,59.791666666666664
2023-10-26,27.8,0.0,19.9,1013.1,58.041666666666664
2023-10-27,27.5,0.0,20.7,1011.7,55.083333333333336
2023-10-28,27.2,0.0,16.6,1011.3,55.666666666666664
2023-10-29,27.3,0.0,19.1,1010.9,54.333333333333336
2023-10-30,27.4,0.0,14.7,1010.8,59.0
2023-10-31,27.9,0.0,14.9,1011.4,58.708333333333336
2023-11-01,27.5,0.0,14.8,1012.2,57.458333333333336
2023-11-02,27.5,0.0,17.2,1011.4,58.041666666666664
2023-11-03,27.9,0.0,19.9,1009.7,56.833333333333336
2023-11-04,28.5,0.0,14.6,1009.2,54.166666666666664
2023-11-05,28.8,0.0,15.5,1010.7,59.125
2023-11-06,28.5,0.0,17.1,1011.8,56.25
2023-11-07,27.6,0.0,19.1,1011.8,55.625
2023-11-08,27.9,0.0,20.2,1011.7,68.83333333333333
2023-11-09,28.4,0.0,13.7,1012.2,76.25
2023-11-10,28.2,1.1,13.8,1013.5,72.70833333333333
2023-11-11,29.1,0.0,18.5,1013.7,64.16666666666667
2023-11-12,29.4,0.0,18.9,1013.5,52.041666666666664
2023-11-13,28.2,0.0,16.1,1013.1,55.583333333333336
2023-11-14,27.3,0.0,14.8,1012.7,63.125
2023-11-15,27.1,0.0,15.6,1012.6,63.708333333333336
2023-11-16,27.0,0.0,15.6,1012.8,61.208333333333336
2023-11-17,27.1,0.0,17.6,1012.6,59.625
2023-11-18,26.7,0.0,13.8,1012.0,62.416666666666664
2023-11-19,26.9,0.0,17.5,1012.0,63.416666666666664
2023-11-20,28.0,0.0,16.0,1012.2,61.0
2023-11-21,28.6,0.0,20.2,1012.1,58.791666666666664
2023-11-22,27.7,0.0,18.4,1011.4,50.166666666666664
2023-11-23,27.1,0.0,18.1,1009.7,53.583333333333336
2023-11-24,27.6,0.0,15.2,1009.6,59.833333333333336
2023-11-25,27.9,0.0,12.0,1011.4,67.33333333333333
2023-11-26,27.0,2.4,19.0,1011.8,78.375
2023-11-27,26.1,0.9,14.9,1011.3,77.375
2023-11-28,25.8,0.0,16.6,1010.4,73.54166666666667
2023-11-29,24.6,0.0,15.3,1011.3,71.95833333333333
2023-11-30,24.7,0.0,17.8,1011.8,78.58333333333333
2023-12-01,25.0,0.3,15.8,1011.6,80.125
2023-12-02,25.7,0.0,14.8,1010.3,77.29166666666667
2023-12-03,27.4,0.0,17.0,1010.5,68.20833333333333
2023-12-04,27.6,0.3,19.7,1009.8,69.5
2023-12-05,27.7,0.0,19.4,1008.8,64.91666666666667
2023-12-06,26.6,0.0,18.8,1009.9,65.875
2023-12-07,26.0,0.0,17.5,1010.8,67.0
2023-12-08,26.0,0.0,18.8,1011.4,65.75
2023-12-09,26.2,0.0,18.4,1012.3,62.75
2023-12-10,26.4,0.0,16.3,1011.3,61.625
2023-12-11,26.4,0.0,16.6,1011.7,58.083333333333336
2023-12-12,25.3,0.0,18.8,1011.1,57.833333333333336
2023-12-13,24.9,0.0,17.4,1011.7,62.375
2023-12-14,26.0,0.0,11.6,1012.8,58.833333333333336
2023-12-15,25.9,0.0,15.1,1013.9,53.083333333333336
2023-12-16,25.1,0.0,18.8,1013.4,56.041666666666664
2023-12-17,25.7,0.0,17.7,1012.4,56.333333333333336
2023-12-18,27.0,0.0,16.7,1013.0,50.833333333333336
2023-12-19,26.9,0.0,15.8,1013.9,51.708333333333336
2023-12-20,25.7,0.0,17.1,1014.0,48.416666666666664
2023-12-21,26.2,0.0,16.1,1012.9,52.916666666666664
2023-12-22,25.7,0.0,12.5,1013.0,62.625
2023-12-23,25.9,0.0,18.4,1013.6,60.708333333333336
2023-12-24,25.4,0.0,15.1,1014.8,54.833333333333336
2023-12-25,25.0,0.0,16.0,1014.8,53.833333333333336
2023-12-26,25.4,0.0,13.6,1014.8,55.166666666666664
2023-12-27,26.0,0.0,16.9,1014.9,55.125
2023-12-28,25.7,0.0,15.7,1013.3,60.708333333333336
2023-12-29,25.7,0.0,13.6,1013.3,64.0
2023-12-30,25.1,0.0,14.0,1013.0,69.25
2023-12-31,25.3,0.0,14.4,1012.5,63.625
2024-01-01,25.2,0.0,15.9,1012.7,66.125
2024-01-02,24.7,0.0,20.0,1012.2,67.16666666666667
2024-01-03,24.2,0.0,18.7,1011.6,65.33333333333333
2024-01-04,23.4,0.0,18.6,1012.0,75.08333333333333
2024-01-05,23.1,0.0,17.6,1012.3,73.20833333333333
2024-01-06,25.0,0.0,21.4,1012.0,61.041666666666664
2024-01-07,25.3,0.0,17.3,1012.1,63.958333333333336
2024-01-08,26.6,0.0,17.6,1012.1,56.583333333333336
2024-01-09,26.2,0.7,12.7,1012.8,69.54166666666667
2024-01-10,25.7,0.7,11.5,1013.1,70.875
2024-01-11,27.0,0.8,17.6,1013.3,65.66666666666667
2024-01-12,27.5,0.0,18.3,1012.6,61.416666666666664
2024-01-13,26.6,0.0,18.4,1013.5,62.291666666666664
2024-01-14,26.3,0.0,19.7,1014.2,49.583333333333336
2024-01-15,24.6,0.0,20.9,1014.1,41.625
2024-01-16,22.4,0.0,17.4,1012.1,57.166666666666664
2024-01-17,22.0,0.0,15.5,1011.6,64.79166666666667
2024-01-18,22.2,0.0,17.1,1012.9,65.75
2024-01-19,22.1,0.0,13.2,1012.7,70.0
2024-01-20,22.8,0.0,21.9,1013.8,65.5
2024-01-21,23.8,0.0,18.4,1013.4,51.958333333333336
2024-01-22,23.2,0.0,18.3,1014.0,53.041666666666664
2024-01-23,23.7,0.0,24.9,1014.5,38.583333333333336
2024-01-24,23.8,0.0,21.3,1014.0,39.0
2024-01-25,23.7,0.0,15.6,1014.9,43.333333333333336
2024-01-26,23.8,0.0,15.7,1015.7,47.958333333333336
2024-01-27,24.8,0.0,16.2,1015.9,47.125
2024-01-28,24.8,0.0,18.3,1015.5,46.625
2024-01-29,25.2,0.0,22.4,1015.4,43.125
2024-01-30,24.6,0.0,20.4,1014.5,49.208333333333336
2024-01-31,23.7,0.0,19.4,1014.4,63.708333333333336
2024-02-01,22.9,0.0,20.4,1015.4,69.58333333333333
2024-02-02,23.7,0.0,21.1,1015.4,67.5
2024-02-03,26.4,0.0,22.2,1014.3,49.416666666666664
2024-02-04,26.2,0.0,13.1,1015.2,54.625
2024-02-05,26.3,0.0,18.6,1015.7,54.208333333333336
2024-02-06,25.8,0.0,19.9,1015.5,56.916666666666664
2024-02-07,26.1,0.0,24.0,1016.0,57.75
2024-02-08,25.8,0.0,24.5,1015.1,52.666666666666664
2024-02-09,24.6,0.0,23.1,1014.7,52.125
2024-02-10,24.7,0.0,24.4,1015.7,41.458333333333336
2024-02-11,24.1,0.0,22.2,1015.9,44.75
2024-02-12,24.3,0.0,15.0,1015.3,52.541666666666664
2024-02-13,24.9,0.0,22.3,1015.2,41.791666666666664
2024-02-14,25.6,0.0,23.7,1014.6,39.25
2024-02-15,25.9,0.0,20.9,1013.6,44.25
2024-02-16,26.2,0.0,17.2,1013.4,56.416666666666664
2024-02-17,26.3,0.0,14.5,1012.4,58.375
2024-02-18,26.8,0.0,21.7,1011.5,55.25
2024-02-19,25.8,0.0,20.6,1012.3,50.125
2024-02-20,25.4,0.0,25.3,1013.2,61.583333333333336
2024-02-21,24.0,0.1,19.3,1013.2,75.54166666666667
2024-02-22,24.2,0.2,19.6,1013.6,77.95833333333333
2024-02-23,24.4,0.0,24.9,1013.3,63.166666666666664
2024-02-24,24.8,0.0,27.8,1012.5,34.875
2024-02-25,25.6,0.0,19.0,1010.8,29.208333333333332
2024-02-26,26.3,0.0,17.3,1010.2,47.166666666666664
2024-02-27,27.4,0.0,21.4,1011.9,51.166666666666664
2024-02-28,27.9,0.0,21.9,1011.4,41.5
2024-02-29,28.2,0.0,19.0,1010.9,52.75
2024-03-01,27.4,0.0,19.6,1012.1,59.625
2024-03-02,25.9,0.0,19.4,1012.9,76.83333333333333
2024-03-03,24.5,0.2,18.9,1013.5,73.20833333333333
2024-03-04,22.8,0.0,21.2,1013.8,61.791666666666664
2024-03-05,23.8,0.0,23.0,1012.9,46.0
2024-03-06,24.4,0.0,23.7,1012.8,35.458333333333336
2024-03-07,26.3,0.0,24.2,1012.2,39.166666666666664
2024-03-08,27.8,0.0,27.9,1012.2,29.791666666666668
2024-03-09,27.8,0.0,23.2,1012.1,30.958333333333332
2024-03-10,26.8,0.0,21.1,1013.2,36.0
2024-03-11,27.4,0.0,25.5,1014.3,46.583333333333336
2024-03-12,28.0,0.0,22.2,1013.5,45.041666666666664
2024-03-13,26.3,0.0,24.2,1013.3,64.16666666666667
2024-03-14,25.5,0.0,23.9,1013.5,70.54166666666667
2024-03-15,24.4,0.0,16.9,1012.6,73.58333333333333
2024-03-16,24.5,0.0,20.2,1012.4,74.875
2024-03-17,25.2,0.0,18.8,1012.4,75.125
2024-03-18,25.9,0.0,17.6,1012.2,78.66666666666667
2024-03-19,26.6,0.0,21.4,1012.0,68.41666666666667
2024-03-20,29.0,0.0,22.4,1010.9,31.416666666666668
2024-03-21,29.6,0.0,18.9,1009.4,27.375
2024-03-22,27.2,0.0,18.0,1009.3,67.70833333333333
2024-03-23,26.8,0.0,18.7,1009.5,68.33333333333333
2024-03-24,26.7,0.0,18.9,1011.0,75.04166666666667
2024-03-25,27.3,0.0,20.3,1011.3,72.58333333333333
2024-03-26,27.5,0.0,22.2,1011.0,70.875
2024-03-27,27.4,0.0,22.3,1012.5,79.45833333333333
2024-03-28,27.6,0.0,18.4,1011.2,77.79166666666667
2024-03-29,28.5,0.0,19.9,1010.0,69.45833333333333
2024-03-30,28.4,0.0,24.0,1011.5,65.75
2024-03-31,28.9,0.0,24.0,1012.3,54.791666666666664
2024-04-01,28.3,0.0,20.0,1009.9,67.625
2024-04-02,27.3,0.0,19.0,1008.7,71.5
2024-04-03,27.1,0.0,20.6,1009.6,70.54166666666667
2024-04-04,27.6,0.0,21.4,1010.1,71.375
2024-04-05,29.2,0.0,26.7,1009.1,61.5
2024-04-06,31.0,0.0,28.4,1008.0,43.666666666666664
2024-04-07,30.0,0.0,26.0,1008.1,46.458333333333336
2024-04-08,27.7,0.0,19.8,1008.6,66.54166666666667
2024-04-09,27.7,0.0,19.0,1009.0,74.375
2024-04-10,27.6,0.0,20.2,1009.1,77.04166666666667
2024-04-11,27.8,0.0,18.8,1009.4,72.5
2024-04-12,27.7,0.0,17.6,1009.4,66.5
2024-04-13,26.7,0.0,17.7,1010.0,72.70833333333333
2024-04-14,27.3,0.0,23.8,1010.5,79.16666666666667
2024-04-15,31.0,0.0,21.7,1009.7,64.5
2024-04-16,34.0,0.0,21.6,1008.1,47.458333333333336
2024-04-17,30.8,0.0,18.2,1008.4,65.70833333333333
2024-04-18,30.5,0.0,21.3,1008.1,73.16666666666667
2024-04-19,30.9,0.0,26.7,1006.6,64.20833333333333
2024-04-20,30.5,0.0,27.0,1007.1,58.958333333333336
2024-04-21,29.6,0.0,26.0,1007.8,61.25
2024-04-22,29.7,0.0,24.4,1008.5,65.70833333333333
2024-04-23,29.2,0.0,23.5,1007.4,67.75
2024-04-24,29.0,0.0,22.3,1006.6,72.29166666666667
2024-04-25,29.4,0.0,25.5,1007.0,67.91666666666667
2024-04-26,30.1,0.0,22.1,1006.9,64.75
2024-04-27,31.0,0.0,23.4,1006.7,60.166666666666664
2024-04-28,33.0,0.0,27.2,1006.5,47.083333333333336
2024-04-29,32.6,0.0,26.6,1007.8,43.583333333333336
2024-04-30,31.8,0.0,27.0,1006.8,53.0
2024-05-01,29.5,0.0,20.0,1006.0,64.125
2024-05-02,28.7,0.0,20.5,1006.3,69.375
2024-05-03,28.0,0.0,20.2,1007.6,77.0
2024-05-04,28.8,0.0,21.9,1008.3,79.58333333333333
2024-05-05,29.8,0.0,23.5,1006.6,73.875
2024-05-06,29.2,0.0,20.7,1007.6,77.91666666666667
2024-05-07,29.3,0.0,20.4,1008.5,77.08333333333333
2024-05-08,29.6,0.0,24.4,1008.0,73.83333333333333
2024-05-09,29.6,0.0,20.3,1007.2,76.875
2024-05-10,29.5,0.0,19.9,1008.3,76.54166666666667
2024-05-11,29.7,0.0,23.9,1008.9,77.625
2024-05-12,30.3,0.0,22.4,1008.9,74.75
2024-05-13,30.4,1.8,22.5,1008.4,73.5
2024-05-14,31.3,0.0,23.7,1007.7,64.41666666666667
2024-05-15,31.3,0.0,21.1,1008.0,69.25
2024-05-16,32.3,0.1,18.1,1008.0,65.5
2024-05-17,31.5,0.0,17.3,1007.2,67.375
2024-05-18,31.1,0.0,17.3,1005.2,78.95833333333333
2024-05-19,30.8,5.6,19.3,1003.3,76.95833333333333
2024-05-20,31.5,0.0,21.2,1003.7,73.79166666666667
2024-05-21,31.7,0.1,21.9,1003.4,74.91666666666667
2024-05-22,31.4,0.3,18.7,1003.0,77.04166666666667
2024-05-23,31.0,0.0,24.2,1002.2,78.08333333333333
2024-05-24,30.9,0.2,18.4,1002.3,75.70833333333333
2024-05-25,30.8,0.7,19.4,1003.6,72.875
2024-05-26,31.1,0.5,21.3,1004.5,69.08333333333333
2024-05-27,30.8,0.5,21.3,1004.2,71.91666666666667
2024-05-28,31.1,0.6,21.3,1004.5,69.625
2024-05-29,31.4,0.4,23.4,1004.6,64.375
2024-05-30,31.6,0.2,19.2,1005.5,65.29166666666667
2024-05-31,30.7,0.6,19.5,1006.3,79.25
2024-06-01,30.9,0.8,18.7,1006.1,74.375
2024-06-02,31.2,0.3,17.9,1006.3,69.5
2024-06-03,31.5,0.7,15.5,1006.5,69.79166666666667
2024-06-04,30.0,4.8,15.9,1007.1,77.0
2024-06-05,29.5,6.7,16.5,1007.4,78.04166666666667
2024-06-06,29.8,1.2,17.3,1008.0,77.91666666666667
2024-06-07,30.4,1.1,18.0,1006.2,73.58333333333333
2024-06-08,29.9,6.3,20.0,1005.0,74.0
2024-06-09,28.7,23.0,13.6,1004.9,81.29166666666667
2024-06-10,27.1,33.2,14.7,1006.3,87.16666666666667
2024-06-11,27.7,10.8,13.5,1006.8,86.83333333333333
2024-06-12,27.7,14.3,16.1,1007.6,86.08333333333333
2024-06-13,27.5,13.6,17.7,1007.2,86.0
2024-06-14,27.0,8.6,18.3,1006.4,86.375
2024-06-15,27.7,2.2,18.9,1005.6,83.08333333333333
2024-06-16,28.5,1.4,15.0,1005.8,80.75
2024-06-17,28.3,7.4,18.6,1006.1,83.16666666666667
2024-06-18,27.3,30.3,20.8,1005.9,87.29166666666667
2024-06-19,27.4,23.3,18.9,1004.0,85.375
2024-06-20,27.2,48.6,20.7,1003.1,88.375
2024-06-21,27.7,22.9,20.9,1003.6,86.375
2024-06-22,27.5,5.3,16.8,1002.5,85.5
2024-06-23,27.8,4.2,16.6,1001.5,86.08333333333333
2024-06-24,27.7,11.3,18.0,999.7,85.95833333333333
2024-06-25,28.1,6.8,31.7,998.0,85.04166666666667
2024-06-26,27.9,23.0,29.9,998.0,87.25
2024-06-27,27.1,98.7,27.5,1000.6,89.625
2024-06-28,27.1,45.3,27.8,1001.9,88.70833333333333
2024-06-29,27.5,21.3,26.2,1003.0,86.66666666666667
2024-06-30,27.7,21.3,30.6,1003.4,86.875
2024-07-01,28.2,16.3,36.4,1002.3,82.29166666666667
2024-07-02,28.6,8.1,32.0,1001.7,81.95833333333333
2024-07-03,28.6,8.9,28.6,1002.7,84.375
2024-07-04,27.8,8.7,24.3,1004.0,85.0
2024-07-05,27.4,12.2,23.0,1002.2,86.58333333333333
2024-07-06,27.6,17.6,26.7,1001.3,85.20833333333333
2024-07-07,27.3,11.8,20.9,1002.4,88.29166666666667
2024-07-08,26.8,20.7,17.2,1002.5,89.5
2024-07-09,26.1,80.2,22.1,1003.4,91.83333333333333
2024-07-10,26.6,36.0,21.3,1006.1,88.16666666666667
2024-07-11,26.4,39.1,21.6,1005.8,90.20833333333333
2024-07-12,26.0,83.3,21.0,1003.9,92.20833333333333
2024-07-13,25.9,76.7,27.6,1003.4,92.16666666666667
2024-07-14,25.6,50.5,24.5,1001.8,92.91666666666667
2024-07-15,26.4,10.2,14.8,1001.1,89.45833333333333
2024-07-16,26.6,17.6,20.0,1000.4,89.66666666666667
2024-07-17,26.5,45.3,23.9,1002.0,89.79166666666667
2024-07-18,26.4,57.6,26.4,1002.6,90.625
2024-07-19,26.3,48.3,26.9,1000.8,90.66666666666667
2024-07-20,26.3,87.0,27.5,1001.4,90.25
2024-07-21,26.4,48.9,27.2,1001.8,90.375
2024-07-22,26.3,54.7,28.1,1003.7,90.375
2024-07-23,26.2,42.1,29.0,1004.6,90.33333333333333
2024-07-24,26.2,54.4,32.4,1002.2,89.625
2024-07-25,26.2,74.2,33.6,1001.2,89.16666666666667
2024-07-26,26.7,22.9,27.7,1002.5,87.25
2024-07-27,27.2,8.2,29.3,1003.3,83.375
2024-07-28,27.0,19.0,27.1,1001.0,86.79166666666667
2024-07-29,26.4,34.2,25.4,999.8,89.16666666666667
2024-07-30,26.6,17.4,23.2,1003.0,88.875
2024-07-31,26.8,22.1,20.8,1005.4,88.08333333333333
2024-08-01,26.9,15.8,26.3,1005.1,86.08333333333333
2024-08-02,26.4,28.2,29.2,1004.8,86.375
2024-08-03,26.3,24.5,30.2,1005.0,86.75
2024-08-04,26.2,39.4,27.8,1005.5,88.16666666666667
2024-08-05,27.1,5.8,24.0,1006.4,84.375
2024-08-06,27.0,5.2,20.0,1006.5,83.83333333333333
2024-08-07,26.9,5.6,19.2,1006.6,84.625
2024-08-08,26.8,4.2,18.8,1007.5,83.54166666666667
2024-08-09,26.1,15.5,16.0,1008.5,88.125
2024-08-10,26.7,4.7,18.7,1008.3,85.0
2024-08-11,27.2,2.4,20.4,1006.7,82.125
2024-08-12,27.1,2.9,21.5,1006.5,84.0
2024-08-13,27.0,3.6,16.9,1007.0,84.95833333333333
2024-08-14,27.1,1.9,16.1,1007.0,84.58333333333333
2024-08-15,27.3,1.2,18.1,1006.0,83.75
2024-08-16,27.5,0.9,16.6,1004.9,83.79166666666667
2024-08-17,27.5,0.5,13.1,1006.0,84.83333333333333
2024-08-18,27.6,2.9,13.7,1006.6,86.20833333333333
2024-08-19,27.1,16.7,15.9,1005.9,88.75
2024-08-20,26.3,28.8,13.1,1005.6,91.125
2024-08-21,27.6,0.2,17.3,1005.5,87.29166666666667
2024-08-22,27.9,4.7,15.8,1005.0,85.83333333333333
2024-08-23,26.9,16.0,18.1,1005.5,89.66666666666667
2024-08-24,25.8,61.7,20.9,1006.5,92.5
2024-08-25,26.1,28.0,26.0,1005.5,88.125
2024-08-26,26.1,22.6,28.1,1003.9,87.20833333333333
2024-08-27,26.0,17.9,31.1,1004.7,87.0
2024-08-28,26.8,14.4,32.1,1005.5,84.79166666666667
2024-08-29,27.3,5.1,25.3,1004.8,84.16666666666667
2024-08-30,26.9,6.5,19.8,1006.0,85.20833333333333
2024-08-31,27.0,2.1,12.9,1007.2,84.75
2024-09-01,26.7,2.3,13.2,1006.9,85.33333333333333
2024-09-02,26.1,29.6,19.5,1005.7,89.95833333333333
2024-09-03,26.0,13.0,16.0,1006.5,89.08333333333333
2024-09-04,26.3,17.1,19.4,1007.4,87.75
2024-09-05,26.3,27.9,23.4,1006.0,88.0
2024-09-06,26.5,14.7,21.3,1006.9,86.54166666666667
2024-09-07,26.4,10.0,17.2,1007.6,86.91666666666667
2024-09-08,26.5,4.2,14.9,1007.6,86.45833333333333
2024-09-09,26.7,2.0,16.4,1005.3,84.75
2024-09-10,26.6,3.9,17.6,1004.5,86.0
2024-09-11,26.3,4.6,18.5,1005.6,86.125
2024-09-12,26.3,8.2,17.9,1007.4,85.83333333333333
2024-09-13,26.3,4.5,19.2,1007.8,83.20833333333333
2024-09-14,25.2,9.1,16.7,1007.7,87.16666666666667
2024-09-15,25.3,3.9,13.4,1008.3,87.25
2024-09-16,26.1,2.4,14.6,1008.8,86.875
2024-09-17,26.0,0.2,15.6,1009.0,84.33333333333333
2024-09-18,26.2,0.8,13.0,1007.0,82.66666666666667
2024-09-19,27.1,1.0,12.8,1007.4,81.5
2024-09-20,26.3,5.2,15.9,1007.8,86.75
2024-09-21,27.0,1.9,15.8,1008.5,83.25
2024-09-22,27.3,2.2,18.5,1007.7,82.95833333333333
2024-09-23,27.3,5.7,17.6,1006.6,86.95833333333333
2024-09-24,26.4,23.1,22.7,1004.9,90.58333333333333
2024-09-25,26.0,36.4,20.6,1004.2,92.29166666666667
2024-09-26,25.6,48.0,18.7,1003.2,94.125
2024-09-27,26.0,61.7,28.1,1004.8,90.25
2024-09-28,26.6,5.8,17.9,1008.0,86.125
2024-09-29,26.6,4.6,14.8,1010.1,87.70833333333333
2024-09-30,27.1,1.6,15.2,1010.1,87.875
2024-10-01,27.9,0.6,15.7,1008.1,88.66666666666667
2024-10-02,27.9,1.3,15.0,1008.8,90.70833333333333
2024-10-03,27.5,1.4,15.7,1009.3,87.0
2024-10-04,27.2,1.4,14.4,1009.2,86.0
2024-10-05,26.6,1.1,14.7,1009.7,86.125
2024-10-06,26.9,21.4,17.9,1009.7,86.04166666666667
2024-10-07,28.1,0.6,13.7,1009.8,84.04166666666667
2024-10-08,28.4,0.0,14.1,1010.0,85.16666666666667
2024-10-09,26.8,6.4,18.9,1008.7,87.5
2024-10-10,26.7,6.4,15.9,1006.9,85.95833333333333
2024-10-11,27.4,22.0,15.7,1006.4,82.41666666666667
2024-10-12,27.5,0.7,11.5,1007.6,85.75
2024-10-13,27.4,2.0,10.9,1008.7,85.83333333333333
2024-10-14,26.8,5.2,16.0,1009.2,87.41666666666667
2024-10-15,26.7,0.0,11.9,1009.4,87.375
2024-10-16,27.2,8.6,12.5,1008.6,87.58333333333333
2024-10-17,27.1,2.9,12.3,1007.9,90.83333333333333
2024-10-18,27.7,12.4,13.4,1007.7,85.20833333333333
2024-10-19,26.3,7.9,12.1,1010.2,88.20833333333333
2024-10-20,26.4,6.8,8.2,1011.0,86.70833333333333
2024-10-21,26.9,13.3,8.8,1011.0,85.04166666666667
2024-10-22,26.6,7.3,12.3,1010.9,87.0
2024-10-23,27.3,0.0,14.8,1010.3,85.33333333333333
2024-10-24,28.1,0.0,14.9,1009.9,74.70833333333333
2024-10-25,27.0,0.0,12.5,1010.0,74.5
2024-10-26,26.9,0.0,17.0,1010.2,68.16666666666667
2024-10-27,26.9,0.0,15.9,1009.0,77.91666666666667
2024-10-28,27.1,0.0,16.2,1007.6,83.16666666666667
2024-10-29,27.6,0.0,13.7,1008.8,87.25
2024-10-30,27.7,0.0,12.5,1009.7,82.58333333333333
2024-10-31,28.3,0.0,15.2,1010.3,75.16666666666667
2024-11-01,27.9,0.3,14.1,1011.7,82.0
2024-11-02,28.0,0.0,17.5,1011.9,75.70833333333333
2024-11-03,28.0,0.0,16.6,1011.6,64.75
2024-11-04,27.9,0.0,19.7,1010.8,60.541666666666664
2024-11-05,28.2,0.0,15.8,1011.4,60.333333333333336
2024-11-06,27.9,0.0,17.7,1012.3,60.958333333333336
2024-11-07,27.4,0.0,16.1,1012.1,56.791666666666664
2024-11-08,27.7,0.0,17.2,1011.8,58.208333333333336
2024-11-09,27.7,0.0,17.9,1011.9,57.625
2024-11-10,27.6,0.0,20.3,1011.9,56.333333333333336
2024-11-11,27.9,0.0,20.6,1011.8,47.0
2024-11-12,27.8,0.0,17.9,1011.1,53.416666666666664
2024-11-13,28.5,0.0,12.6,1009.4,48.625
2024-11-14,29.1,0.0,10.7,1010.4,46.166666666666664
2024-11-15,29.0,0.3,10.5,1011.5,58.458333333333336
2024-11-16,29.2,0.0,14.2,1010.7,64.66666666666667
2024-11-17,29.7,0.0,14.5,1010.3,58.458333333333336
2024-11-18,28.9,0.0,12.3,1011.3,52.041666666666664
2024-11-19,27.6,0.0,14.1,1012.5,45.0
2024-11-20,26.9,0.0,13.5,1012.1,47.083333333333336
2024-11-21,26.7,0.0,12.8,1011.8,49.041666666666664
2024-11-22,26.5,0.0,12.6,1011.3,54.083333333333336
2024-11-23,26.5,0.0,10.1,1012.2,56.166666666666664
2024-11-24,26.9,0.0,12.0,1012.3,55.666666666666664
2024-11-25,26.7,0.0,13.0,1011.9,53.958333333333336
2024-11-26,26.3,0.0,13.5,1011.8,44.75
2024-11-27,26.2,0.0,13.1,1011.0,42.333333333333336
2024-11-28,26.4,0.0,11.3,1011.0,35.041666666666664
2024-11-29,25.3,0.0,14.4,1011.2,42.333333333333336
2024-11-30,25.1,0.0,12.2,1009.9,43.125
2024-12-01,25.8,0.0,13.3,1008.1,52.0
2024-12-02,27.6,0.0,12.3,1007.5,56.916666666666664
2024-12-03,28.9,0.2,14.5,1008.9,59.458333333333336
2024-12-04,29.4,0.2,13.4,1009.8,65.70833333333333
2024-12-05,29.2,0.0,10.4,1010.7,68.625
2024-12-06,28.5,0.0,12.8,1010.8,65.41666666666667
2024-12-07,27.6,0.0,15.6,1010.6,51.5
2024-12-08,25.4,0.0,13.5,1011.3,43.875
2024-12-09,24.9,0.0,16.2,1011.5,36.416666666666664
2024-12-10,25.1,0.0,11.0,1011.2,48.0
2024-12-11,26.3,0.0,12.3,1011.5,56.666666666666664
2024-12-12,25.3,0.0,14.5,1011.4,60.041666666666664
2024-12-13,25.9,0.0,12.0,1011.8,50.5
2024-12-14,25.9,0.0,11.5,1012.7,43.375
2024-12-15,25.5,0.0,10.3,1013.6,43.583333333333336
2024-12-16,24.9,0.0,11.9,1012.6,44.166666666666664
2024-12-17,24.0,0.0,12.3,1011.5,49.083333333333336
2024-12-18,24.3,0.0,10.6,1010.7,56.458333333333336
2024-12-19,23.6,0.0,11.4,1010.8,68.75
2024-12-20,23.3,0.0,13.2,1011.0,71.83333333333333
2024-12-21,23.5,0.0,10.5,1011.3,75.16666666666667
2024-12-22,24.0,0.0,12.0,1011.9,77.25
2024-12-23,23.8,0.0,14.7,1012.2,71.125
2024-12-24,23.9,0.0,16.1,1012.3,60.166666666666664
2024-12-25,24.0,0.0,14.1,1013.1,61.25
2024-12-26,24.9,0.0,12.9,1014.6,68.5
2024-12-27,24.7,0.0,14.5,1014.9,70.20833333333333
2024-12-28,25.0,0.3,14.0,1015.0,68.54166666666667
2024-12-29,25.7,0.0,12.3,1014.7,68.83333333333333
2024-12-30,26.9,0.0,11.7,1014.4,63.041666666666664
2024-12-31,27.2,0.0,12.4,1014.7,59.541666666666664
2025-01-01,26.8,0.0,12.9,1013.6,61.25
2025-01-02,26.7,0.0,15.1,1013.5,58.208333333333336
2025-01-03,26.4,0.0,13.7,1013.4,51.791666666666664
2025-01-04,25.3,0.0,11.9,1012.4,47.791666666666664
2025-01-05,24.4,0.0,13.5,1012.3,62.166666666666664
2025-01-06,23.9,0.0,16.5,1012.6,59.041666666666664
2025-01-07,24.4,0.0,16.6,1012.3,52.875
2025-01-08,25.1,0.0,11.6,1011.8,53.75
2025-01-09,25.5,0.0,11.8,1012.3,46.0
2025-01-10,25.2,0.0,9.6,1013.6,50.833333333333336
2025-01-11,24.0,0.0,15.2,1014.0,63.166666666666664
2025-01-12,24.4,0.0,15.7,1013.9,60.208333333333336
2025-01-13,26.1,0.0,14.0,1011.8,55.416666666666664
2025-01-14,26.2,0.0,12.0,1012.2,56.916666666666664
2025-01-15,25.0,0.0,16.0,1013.6,67.20833333333333
2025-01-16,24.5,0.0,16.9,1014.1,65.79166666666667
2025-01-17,26.4,0.0,14.9,1012.2,59.5
2025-01-18,27.2,0.0,14.9,1011.7,46.5
2025-01-19,26.4,0.0,13.1,1012.6,46.291666666666664
2025-01-20,26.4,0.0,12.8,1012.1,45.791666666666664
2025-01-21,25.8,0.0,12.0,1011.0,51.291666666666664
2025-01-22,25.6,0.0,15.0,1010.7,53.083333333333336
2025-01-23,25.3,0.0,17.6,1011.0,49.833333333333336
2025-01-24,25.8,0.0,12.1,1010.0,48.791666666666664
2025-01-25,26.8,0.0,10.9,1010.8,57.0
2025-01-26,27.0,0.0,11.2,1010.7,58.708333333333336
2025-01-27,26.7,0.0,13.3,1010.0,56.0
2025-01-28,25.4,0.0,11.8,1010.3,56.875
2025-01-29,24.8,0.0,12.7,1012.1,58.208333333333336
2025-01-30,25.4,0.0,11.7,1010.9,52.0
2025-01-31,24.5,0.0,13.6,1010.8,58.875
2025-02-01,23.8,0.0,15.7,1011.8,57.791666666666664
2025-02-02,25.0,0.0,14.3,1011.6,44.5
2025-02-03,24.7,0.0,17.1,1012.0,52.125
2025-02-04,24.6,0.0,15.0,1013.0,52.708333333333336
2025-02-05,25.0,0.0,19.1,1011.9,38.041666666666664
2025-02-06,25.5,0.0,12.6,1010.7,43.291666666666664
2025-02-07,27.2,0.0,10.9,1011.7,53.333333333333336
2025-02-08,27.2,0.0,12.6,1011.8,55.458333333333336
2025-02-09,27.5,0.0,14.2,1011.3,48.0
2025-02-10,27.4,0.0,15.0,1012.6,45.625
2025-02-11,26.2,0.0,15.9,1013.4,47.333333333333336
2025-02-12,26.0,0.0,15.4,1013.4,48.75
2025-02-13,27.5,0.0,15.7,1012.5,39.541666666666664
2025-02-14,28.5,0.0,18.8,1012.0,34.666666666666664
2025-02-15,28.7,0.0,17.5,1011.3,30.791666666666668
2025-02-16,27.5,0.0,16.0,1011.9,34.875
2025-02-17,27.1,0.0,17.3,1012.6,44.208333333333336
2025-02-18,28.2,0.0,18.5,1012.4,38.625
2025-02-19,28.0,0.0,17.8,1011.5,37.875
2025-02-20,28.3,0.0,18.5,1011.8,38.75
2025-02-21,30.0,0.0,16.9,1012.8,31.166666666666668
2025-02-22,29.2,0.0,17.7,1013.3,34.541666666666664
2025-02-23,29.6,0.0,15.4,1013.4,33.541666666666664
2025-02-24,29.7,0.0,14.4,1013.2,32.75
2025-02-25,29.8,0.0,14.6,1013.9,33.583333333333336
2025-02-26,29.0,0.0,14.8,1014.1,45.916666666666664
2025-02-27,29.2,0.0,15.0,1012.8,44.041666666666664
2025-02-28,28.8,0.0,14.9,1011.6,51.041666666666664
2025-03-01,29.0,0.0,16.1,1011.0,41.916666666666664
2025-03-02,29.3,0.0,17.1,1010.3,36.208333333333336
2025-03-03,29.5,0.0,17.7,1010.6,39.375
2025-03-04,29.4,0.0,19.0,1011.2,38.916666666666664
2025-03-05,29.6,0.0,16.9,1010.9,30.75
2025-03-06,28.6,0.0,16.5,1011.6,25.208333333333332
2025-03-07,29.4,0.0,16.8,1009.9,25.375
2025-03-08,28.9,0.0,14.9,1008.5,35.166666666666664
2025-03-09,28.5,0.0,15.0,1008.6,48.125
2025-03-10,30.7,0.0,17.4,1009.9,34.625
2025-03-11,30.5,0.0,15.4,1011.0,44.041666666666664
2025-03-12,30.2,0.0,14.4,1009.9,49.791666666666664
2025-03-13,29.4,0.0,13.2,1009.3,61.458333333333336
2025-03-14,29.3,0.0,15.0,1009.8,56.583333333333336
2025-03-15,29.3,0.0,15.7,1010.5,53.458333333333336
2025-03-16,29.0,0.0,15.9,1011.0,53.083333333333336
2025-03-17,28.7,0.0,17.3,1011.0,58.5
2025-03-18,27.9,0.0,15.9,1010.4,65.125
2025-03-19,27.6,0.0,16.2,1011.6,63.708333333333336
2025-03-20,29.0,0.0,18.0,1013.0,45.041666666666664
2025-03-21,28.0,0.0,18.2,1013.6,58.25
2025-03-22,27.4,0.0,17.0,1012.5,65.41666666666667
2025-03-23,28.4,0.0,14.4,1012.0,67.625
2025-03-24,28.3,0.0,17.4,1011.9,74.625
2025-03-25,28.6,0.0,16.7,1009.2,67.41666666666667
2025-03-26,27.7,0.0,15.2,1008.6,73.45833333333333
2025-03-27,27.1,0.0,16.5,1009.8,75.66666666666667
2025-03-28,28.5,0.0,17.3,1008.5,61.041666666666664
2025-03-29,30.9,0.0,16.2,1007.0,31.0
2025-03-30,31.5,0.0,18.2,1007.4,39.333333333333336
2025-03-31,31.3,0.0,16.0,1007.7,43.916666666666664
2025-04-01,31.7,0.0,14.5,1006.9,43.708333333333336
2025-04-02,31.8,0.0,15.3,1007.4,40.875
2025-04-03,29.4,0.6,12.1,1010.8,72.91666666666667
2025-04-04,29.2,1.0,15.4,1011.9,75.66666666666667
2025-04-05,29.7,0.0,18.5,1009.8,63.041666666666664
2025-04-06,30.0,0.0,16.1,1008.7,59.0
2025-04-07,30.7,0.0,19.1,1008.4,57.333333333333336
2025-04-08,31.1,0.0,19.9,1008.9,48.625
2025-04-09,30.4,0.0,16.2,1008.5,58.125
2025-04-10,29.4,0.0,12.4,1007.3,74.29166666666667
2025-04-11,29.0,0.0,14.5,1007.2,73.33333333333333
2025-04-12,28.8,0.1,14.7,1009.0,75.08333333333333
2025-04-13,28.9,0.0,16.1,1010.2,74.70833333333333
2025-04-14,30.1,0.0,19.3,1008.8,61.916666666666664
2025-04-15,30.0,0.0,16.9,1008.2,61.75
2025-04-16,29.1,0.0,15.4,1008.2,73.91666666666667
2025-04-17,28.8,0.0,15.7,1008.1,77.91666666666667
2025-04-18,28.9,0.0,14.9,1007.6,76.25
2025-04-19,29.2,0.0,15.9,1008.0,74.91666666666667
2025-04-20,29.2,0.0,14.5,1008.3,71.58333333333333
2025-04-21,29.1,0.0,15.3,1009.7,74.25
2025-04-22,29.8,0.0,16.8,1009.7,69.625
2025-04-23,30.2,0.0,16.7,1008.3,71.66666666666667
2025-04-24,29.7,0.0,14.4,1007.5,74.0
2025-04-25,29.6,0.0,14.9,1008.0,70.95833333333333
2025-04-26,29.4,0.0,15.6,1007.8,70.66666666666667
2025-04-27,29.3,0.0,15.6,1008.2,74.25
2025-04-28,29.3,0.0,16.1,1007.4,74.91666666666667
2025-04-29,29.4,0.0,14.1,1006.8,76.5
2025-04-30,29.6,0.0,15.2,1007.9,74.91666666666667
2025-05-01,29.8,0.0,18.4,1008.3,74.58333333333333
2025-05-02,30.0,0.0,14.4,1008.4,68.16666666666667
2025-05-03,29.8,0.0,15.6,1008.2,67.79166666666667
2025-05-04,30.0,0.0,15.4,1007.9,68.25
2025-05-05,30.2,0.0,14.6,1007.5,70.04166666666667
2025-05-06,28.7,6.3,15.9,1008.4,73.33333333333333
2025-05-07,27.9,3.0,17.6,1007.6,73.41666666666667
2025-05-08,26.6,9.3,14.3,1007.5,80.5
2025-05-09,27.1,2.0,15.2,1008.4,82.08333333333333
2025-05-10,28.0,0.5,11.5,1008.3,80.83333333333333
2025-05-11,29.1,0.4,12.0,1007.6,75.625
2025-05-12,30.3,1.6,13.1,1006.6,69.79166666666667
2025-05-13,30.5,1.7,13.1,1006.7,70.0
2025-05-14,29.9,0.6,12.3,1007.2,71.66666666666667
2025-05-15,30.5,1.8,14.3,1007.2,70.45833333333333
2025-05-16,31.0,1.0,14.1,1007.0,64.75
2025-05-17,30.6,0.9,13.3,1006.6,66.20833333333333
2025-05-18,31.2,0.0,14.7,1005.9,61.208333333333336
2025-05-19,30.3,0.2,16.2,1004.9,68.58333333333333
2025-05-20,30.2,8.7,13.2,1004.1,75.0
2025-05-21,29.0,1.1,10.7,1003.3,83.0
2025-05-22,28.5,21.2,18.3,1002.1,81.83333333333333
2025-05-23,28.7,2.2,13.2,999.6,85.75
2025-05-24,28.8,8.9,12.0,999.4,83.91666666666667
2025-05-25,26.5,27.3,11.6,1001.8,90.91666666666667
2025-05-26,26.2,54.0,21.3,1002.0,93.41666666666667
2025-05-27,27.3,9.1,13.0,1001.9,89.45833333333333
2025-05-28,26.9,11.5,13.5,1002.4,90.20833333333333
2025-05-29,28.9,5.6,17.8,1000.9,85.54166666666667
2025-05-30,29.6,1.8,17.8,1002.1,77.83333333333333
2025-05-31,29.2,3.5,20.0,1005.5,79.75
2025-06-01,27.3,11.1,19.1,1006.0,84.91666666666667
2025-06-02,27.8,8.8,19.9,1005.0,83.0
2025-06-03,27.4,12.8,20.9,1005.3,84.33333333333333
2025-06-04,27.0,4.5,14.6,1006.5,84.58333333333333
2025-06-05,27.8,1.6,10.0,1008.5,83.0
2025-06-06,28.3,4.7,10.0,1009.4,83.04166666666667
2025-06-07,27.7,8.1,10.1,1009.5,86.5
2025-06-08,28.4,4.4,14.0,1008.8,82.125
2025-06-09,29.0,2.0,18.8,1007.8,76.625
2025-06-10,28.8,0.8,17.5,1005.8,79.875
2025-06-11,29.7,0.8,17.1,1004.2,77.29166666666667
2025-06-12,30.0,2.8,23.7,1002.3,78.04166666666667
2025-06-13,28.3,29.6,19.9,1001.7,85.75
2025-06-14,27.5,58.0,13.1,1000.4,90.125
2025-06-15,26.7,55.5,15.3,997.8,93.5
2025-06-16,26.2,100.9,28.8,998.7,91.5
2025-06-17,27.5,17.5,25.0,1001.7,85.08333333333333
2025-06-18,27.0,86.1,26.4,1002.6,89.16666666666667
2025-06-19,26.4,65.8,23.7,1003.5,90.70833333333333
2025-06-20,27.6,11.3,20.5,1004.9,84.0
2025-06-21,27.6,10.0,20.4,1005.3,84.625
2025-06-22,27.5,15.8,23.1,1004.4,83.58333333333333
2025-06-23,26.8,51.2,24.8,1002.9,86.70833333333333
2025-06-24,27.0,26.7,24.0,1002.0,86.83333333333333
2025-06-25,28.1,10.0,24.1,1001.4,81.95833333333333
2025-06-26,26.7,25.0,18.1,1001.8,88.5
2025-06-27,27.2,13.9,22.4,1002.5,83.25
2025-06-28,27.3,21.5,26.0,1003.9,80.79166666666667
2025-06-29,27.3,18.1,22.0,1004.1,83.83333333333333
2025-06-30,26.9,22.2,23.4,1003.9,84.25
2025-07-01,26.8,34.3,19.2,1004.2,85.625
2025-07-02,26.5,40.8,19.5,1003.5,87.66666666666667
2025-07-03,26.4,26.3,22.6,1003.6,86.83333333333333
2025-07-04,26.7,20.2,21.7,1004.5,84.625
2025-07-05,26.6,37.9,23.4,1004.3,85.5
2025-07-06,26.4,31.3,26.5,1003.7,87.41666666666667
2025-07-07,27.0,7.6,22.8,1004.1,84.58333333333333
2025-07-08,27.5,3.7,23.0,1004.7,82.5
2025-07-09,26.7,15.4,18.9,1005.1,87.04166666666667
2025-07-10,27.0,6.5,14.4,1005.3,85.41666666666667
2025-07-11,26.7,6.1,12.9,1005.5,86.45833333333333
2025-07-12,27.1,4.9,17.0,1006.0,84.70833333333333
2025-07-13,26.7,14.7,15.7,1005.7,85.66666666666667
2025-07-14,26.1,51.0,21.7,1004.2,89.75
2025-07-15,26.5,15.8,14.8,1003.8,87.20833333333333
2025-07-16,27.3,7.9,16.0,1004.1,85.54166666666667
2025-07-17,27.4,4.1,11.2,1004.8,85.25
2025-07-18,27.6,2.7,12.1,1005.1,82.95833333333333
2025-07-19,27.0,6.3,13.3,1003.1,84.875
2025-07-20,26.3,12.3,14.3,1002.3,88.08333333333333
2025-07-21,26.4,17.7,12.9,1003.5,88.625
2025-07-22,26.5,18.4,14.7,1004.3,88.125
2025-07-23,26.3,18.6,17.3,1003.1,86.625
2025-07-24,26.1,14.9,19.8,1001.7,87.0
2025-07-25,26.3,40.3,20.5,1001.3,88.79166666666667
2025-07-26,26.4,17.4,22.4,1002.3,86.16666666666667
2025-07-27,26.8,10.5,28.2,1003.5,83.08333333333333
2025-07-28,26.7,8.8,25.0,1004.9,82.41666666666667
2025-07-29,26.5,8.6,26.4,1005.3,83.95833333333333
2025-07-30,26.5,7.8,24.6,1004.9,86.83333333333333
2025-07-31,26.8,3.9,21.3,1005.5,84.54166666666667
2025-08-01,27.0,4.1,18.5,1006.2,82.66666666666667
2025-08-02,26.5,8.7,15.3,1006.4,85.58333333333333
2025-08-03,26.5,4.0,12.3,1007.3,86.0
2025-08-04,26.9,3.5,13.0,1008.3,84.58333333333333
2025-08-05,27.0,4.3,13.9,1007.9,84.25
2025-08-06,27.2,1.2,14.3,1007.5,84.16666666666667
2025-08-07,26.9,3.2,11.6,1007.2,86.91666666666667
2025-08-08,26.8,2.9,8.3,1007.9,85.95833333333333
2025-08-09,26.7,1.6,9.6,1009.4,85.91666666666667
2025-08-10,26.5,3.2,12.7,1008.7,85.66666666666667
2025-08-11,26.6,4.3,15.0,1008.4,84.04166666666667
2025-08-12,26.6,5.0,15.9,1007.1,82.58333333333333
2025-08-13,26.1,15.4,11.9,1005.1,87.16666666666667
2025-08-14,25.9,38.9,13.1,1004.4,89.41666666666667
2025-08-15,26.1,35.8,14.4,1003.8,88.91666666666667
2025-08-16,25.4,34.2,14.2,1002.6,91.625
2025-08-17,26.2,16.3,20.1,1001.4,87.58333333333333
2025-08-18,25.4,127.0,23.6,1003.6,92.41666666666667
2025-08-19,25.5,136.5,30.3,1002.5,91.375
2025-08-20,25.6,61.5,27.4,1003.7,89.41666666666667
2025-08-21,26.6,26.0,25.3,1007.0,84.58333333333333
2025-08-22,26.9,4.5,22.1,1007.9,81.33333333333333
2025-08-23,26.6,10.4,25.0,1007.1,80.70833333333333
2025-08-24,26.7,6.7,24.1,1007.7,81.625
2025-08-25,25.5,23.2,22.3,1007.1,86.5
2025-08-26,26.4,14.9,17.5,1006.7,85.29166666666667
2025-08-27,26.5,7.6,12.6,1005.5,85.29166666666667
2025-08-28,26.5,16.3,11.4,1004.6,88.29166666666667
2025-08-29,26.4,7.5,12.2,1004.6,87.95833333333333
2025-08-30,26.5,2.8,12.0,1006.5,85.91666666666667
2025-08-31,26.4,10.0,18.2,1006.9,86.29166666666667
2025-09-01,26.4,6.7,21.1,1005.3,84.70833333333333
2025-09-02,26.6,5.7,15.4,1005.1,85.5
2025-09-03,26.8,4.8,16.2,1005.4,82.70833333333333
2025-09-04,25.6,17.2,12.4,1005.7,88.25
2025-09-05,25.9,18.2,17.6,1006.2,89.04166666666667
2025-09-06,25.7,24.9,19.8,1007.3,87.04166666666667
2025-09-07,26.2,9.2,17.8,1007.5,84.33333333333333
2025-09-08,26.1,5.5,17.1,1007.4,85.91666666666667
2025-09-09,26.4,0.7,10.4,1009.0,86.58333333333333
2025-09-10,26.7,0.3,11.9,1009.7,84.33333333333333
2025-09-11,26.6,1.5,11.5,1009.5,82.20833333333333
2025-09-12,26.9,1.2,12.9,1009.4,81.70833333333333
2025-09-13,26.5,12.7,14.6,1009.0,87.875
2025-09-14,26.5,12.2,15.6,1008.7,87.0
2025-09-15,25.9,65.5,16.2,1008.1,90.375
2025-09-16,26.1,5.2,11.8,1007.8,89.75
2025-09-17,26.3,25.7,9.9,1007.7,89.83333333333333
2025-09-18,26.1,10.4,9.8,1007.6,90.41666666666667
2025-09-19,26.1,8.2,11.7,1008.6,89.54166666666667
2025-09-20,26.4,12.3,11.3,1008.7,88.0
2025-09-21,26.2,15.7,13.5,1008.3,89.66666666666667
2025-09-22,25.8,17.0,12.7,1009.1,89.70833333333333
2025-09-23,26.3,10.7,16.4,1009.5,86.33333333333333
2025-09-24,26.8,2.5,11.7,1008.1,81.54166666666667
2025-09-25,26.2,3.1,10.2,1007.4,84.625
2025-09-26,26.6,3.0,12.7,1007.3,86.16666666666667
2025-09-27,26.2,14.1,14.9,1007.4,86.41666666666667
2025-09-28,25.8,125.7,31.7,1003.8,89.875
2025-09-29,26.5,15.8,26.5,1004.2,79.20833333333333
2025-09-30,25.5,11.2,20.8,1005.4,85.04166666666667
2025-10-01,25.7,12.0,21.6,1005.0,86.875
2025-10-02,25.9,4.1,22.3,1007.0,87.625
2025-10-03,26.5,2.4,15.9,1009.7,86.29166666666667
2025-10-04,26.7,3.1,12.4,1011.0,85.5
2025-10-05,26.3,0.7,10.7,1011.1,85.20833333333333
2025-10-06,26.1,1.1,12.5,1011.7,84.04166666666667
2025-10-07,26.1,2.1,13.2,1011.8,86.29166666666667
2025-10-08,26.8,0.3,13.2,1011.5,85.41666666666667
2025-10-09,27.7,0.0,10.9,1011.6,77.29166666666667
2025-10-10,28.0,0.1,10.7,1010.2,65.875
2025-10-11,28.5,0.1,12.9,1009.9,62.708333333333336
2025-10-12,29.0,0.1,12.2,1009.5,59.083333333333336
2025-10-13,29.2,0.0,14.1,1009.9,55.958333333333336
2025-10-14,29.2,0.0,14.1,1008.1,55.5
2025-10-15,29.2,1.5,7.5,1007.5,57.333333333333336
2025-10-16,29.5,6.2,16.6,1008.0,69.5
2025-10-17,30.6,0.1,12.4,1009.0,62.458333333333336
2025-10-18,30.5,1.1,12.2,1008.9,59.083333333333336
2025-10-19,30.3,0.5,11.7,1007.6,61.375
2025-10-20,30.2,0.2,14.3,1006.9,60.291666666666664
2025-10-21,29.6,5.9,11.6,1008.1,61.875
2025-10-22,29.2,4.8,11.2,1008.5,73.625
2025-10-23,29.9,6.1,13.8,1007.2,70.95833333333333
2025-10-24,29.5,8.7,13.7,1007.0,72.41666666666667
2025-10-25,27.1,13.8,14.4,1006.8,83.79166666666667
2025-10-26,25.2,34.3,17.8,1006.7,92.25
2025-10-27,26.0,13.3,20.5,1006.5,87.5
2025-10-28,27.5,0.4,16.8,1005.8,77.25
2025-10-29,27.4,0.1,18.5,1005.2,79.29166666666667
2025-10-30,26.4,11.5,20.2,1007.0,83.29166666666667
2025-10-31,26.6,8.6,24.2,1008.4,83.25
2025-11-01,26.5,3.1,19.2,1010.3,88.0
2025-11-02,26.2,4.2,16.2,1012.4,88.66666666666667
2025-11-03,26.1,2.5,12.2,1012.5,88.16666666666667
2025-11-04,25.8,1.6,13.0,1011.9,87.41666666666667
2025-11-05,25.7,0.1,9.0,1011.1,81.66666666666667
2025-11-06,25.7,0.6,12.3,1011.7,82.0
2025-11-07,26.7,0.0,12.3,1012.4,74.16666666666667
2025-11-08,27.2,0.0,11.3,1013.4,58.0
2025-11-09,26.0,0.0,12.0,1012.9,57.041666666666664
2025-11-10,26.1,0.0,11.1,1012.3,57.708333333333336
2025-11-11,26.4,0.0,12.7,1013.1,58.916666666666664
2025-11-12,26.9,0.0,13.4,1013.5,46.291666666666664
2025-11-13,27.2,0.0,13.6,1013.9,46.125
2025-11-14,26.8,0.0,10.8,1013.2,49.0
2025-11-15,26.4,0.0,11.8,1013.8,47.458333333333336
2025-11-16,26.3,0.0,12.9,1015.1,43.208333333333336
2025-11-17,25.8,0.0,15.9,1014.7,44.291666666666664
2025-11-18,25.2,0.0,14.4,1013.0,45.291666666666664
2025-11-19,25.5,0.0,12.3,1012.9,44.875
2025-11-20,25.9,0.0,12.0,1013.2,49.333333333333336
2025-11-21,26.2,0.0,11.2,1014.0,50.458333333333336
2025-11-22,27.2,0.0,9.5,1013.2,55.125
2025-11-23,27.5,0.0,11.6,1013.2,61.333333333333336
2025-11-24,27.5,0.0,12.2,1013.2,64.41666666666667
2025-11-25,27.5,0.0,9.2,1012.9,66.25
2025-11-26,27.6,0.0,11.0,1013.1,67.125
2025-11-27,27.6,0.0,13.3,1013.6,62.333333333333336
2025-11-28,27.2,0.0,12.1,1013.1,58.791666666666664
2025-11-29,27.2,0.0,11.6,1011.9,48.541666666666664
2025-11-30,25.4,0.0,13.3,1011.8,49.25
2025-12-01,25.3,0.0,13.4,1011.6,49.0
2025-12-02,25.4,0.0,12.9,1011.7,54.375
2025-12-03,26.1,0.0,12.3,1012.6,48.708333333333336
2025-12-04,27.2,0.0,13.8,1013.5,47.208333333333336
2025-12-05,28.0,0.0,13.1,1014.4,47.833333333333336
2025-12-06,27.3,0.0,13.0,1015.0,49.041666666666664
2025-12-07,26.7,0.0,13.0,1014.8,45.875
2025-12-08,26.4,0.0,13.3,1014.6,49.5
2025-12-09,26.5,0.0,11.4,1014.2,33.916666666666664
2025-12-10,26.2,0.0,12.5,1015.0,33.666666666666664
2025-12-11,25.6,0.0,12.1,1014.4,36.125
2025-12-12,24.8,0.0,12.1,1013.4,41.583333333333336
2025-12-13,25.1,0.0,13.3,1013.3,46.166666666666664
2025-12-14,25.5,0.0,14.2,1013.9,43.041666666666664
2025-12-15,25.7,0.0,12.4,1013.8,41.666666666666664
2025-12-16,25.5,0.0,14.4,1013.3,41.833333333333336
2025-12-17,26.1,0.0,12.2,1014.4,46.833333333333336
2025-12-18,25.9,0.0,11.9,1014.6,45.25
2025-12-19,25.2,0.0,15.6,1013.1,41.541666666666664
2025-12-20,24.9,0.0,13.9,1011.6,39.041666666666664
2025-12-21,24.9,0.0,12.6,1012.5,39.125
2025-12-22,24.5,0.0,14.8,1012.8,40.5
2025-12-23,25.2,0.0,15.7,1012.2,45.083333333333336
2025-12-24,25.2,0.0,14.8,1012.2,44.375
2025-12-25,24.7,0.0,13.7,1012.7,47.75
2025-12-26,24.7,0.0,15.1,1012.6,47.666666666666664
2025-12-27,25.0,0.0,13.4,1012.8,48.0
2025-12-28,24.9,0.0,12.0,1013.4,48.25
2025-12-29,24.6,0.0,11.5,1013.4,50.166666666666664
2025-12-30,23.5,0.0,11.3,1013.1,62.75
2025-12-31,23.2,0.0,13.4,1011.9,72.08333333333333
